title,company,location,salary_min,salary_max,avg_salary,description,created,category,skill_count
S&C GN - Data&AI - Resources - Analyst,Accenture,"hyderabad, telangana",500000.0,1000000.0,750000.0,"This job is with Accenture, an inclusive employer and a member of myGwork – the largest global platform for the LGBTQ business community. Please do not contact the recruiter directly. TBD Qualifications: TBD",2026-07-23T22:17:13Z,HR & Recruitment Jobs,0
Customer Experience Manager,NR Consulting,"bangalore, karnataka",500000.0,1000000.0,750000.0,"Job Description:- Manager / Senior Manager – Customer & Marketing Analytics Location: India As a Manager/Senior Manager, you will: 1. Work with clients leading marketing & customer roles at Fortune 100 Retailers 2. Work closely with stakeholders across the organization to gather requirements and understand the underlying business problems. Serve as the bridge between business needs and analytical solutions. 3. Collaboratively work with leadership and SMEs to create innovative solutions for busi…",2026-07-22T22:52:54Z,IT Jobs,0
Senior Process Analyst - Celonis,Springer Nature,"pune, maharashtra",500000.0,1000000.0,750000.0,"This job is with Springer Nature, an inclusive employer and a member of myGwork – the largest global platform for the LGBTQ business community. Please do not contact the recruiter directly. Job Title: Senior Process Analyst (Celonis) Location(s): Pune Application Deadline: NA About Springer Nature Springer Nature is one of the leading publishers of research in the world. We publish the largest number of journals and books and are a pioneer in open research. Through our leading brands, trusted f…",2026-07-03T00:54:29Z,IT Jobs,0
Data Analyst,Not Specified,"thiruvananthapuram, kerala",500000.0,1000000.0,750000.0,Immediate requirement for the post of Data Analyst on rotation Shift (Male or Female). Persons only willing to work in both shifts need to apply.careers.coretechgmail.comorplease contact 9.4.nine.6.8.1.5.6.3.0,2024-05-10T07:38:46Z,IT Jobs,0
Data Analyst,SkySun,india,500000.0,1000000.0,750000.0,"Role Overview We are looking for a Data Analyst with strong expertise in Microsoft Excel who can efficiently work with large datasets, formulas, and analytical models. The ideal candidate should be able to transform raw data into meaningful insights , build efficient spreadsheets, and support business decisions through structured analysis and reporting. This role requires someone who is highly detail-oriented, analytical, and extremely efficient in Excel-based data handling. Key Responsibilitie…",2026-03-27T13:39:38Z,IT Jobs,1
Data Analyst,LRN Corporation,india,500000.0,1000000.0,750000.0,"Position: Data Analyst Location: Mumbai, India About LRN: LRN is the world’s leading dedicated ethics and compliance SaaS company, helping more than 30 million people every year navigate complex regional and global regulatory environments and build ethical, responsible cultures. With over 3,000 clients across the US, EMEA, APAC, and Latin America—including some of the world’s most respected and successful brands—we’re proud to be the long-term partner trusted to reduce organizational risk and d…",2026-04-09T01:03:12Z,IT Jobs,0
Data Analyst,Cloudester Software LLP,"sevasi, vadodara",500000.0,1000000.0,750000.0,"We are looking for a Data Analyst with 2–3 years of experience for a 3-month contract . You will be responsible for extracting web data, organizing it in Excel, and communicating findings clearly to our team. Role Details Duration: 3 Months Experience Required: 2–3 years Location: Vadodara Key Responsibilities Extract data from various websites using web scraping tools. Clean, organize, and analyze the collected datasets. Write database queries to pull and manage information. Present data findi…",2026-07-09T02:21:15Z,IT Jobs,1
Data Analyst,Rentomojo,"bangalore, karnataka",600000.0,900000.0,750000.0,"About the Role Data Analyst 2 to 5 years Full Time We are hiring a sharp, analytically rigorous Data Analyst who thrives at the intersection of data engineering, automation, and business storytelling. This is not a pure reporting role. You will architect automated data pipelines, build scalable reporting workflows, and bring a growth marketing mindset to every analysis. If you love turning messy data into clear decisions, this is your seat. Key Responsibilities SQL and Data Infrastructure Desig…",2026-06-11T06:21:45Z,IT Jobs,1
Data Analyst,Weekday AI,india,500000.0,1000000.0,750000.0,"This role is for one of Weekday’s clients Min Experience: 1 years Location: Nagpur JobType: full-time We're looking for a Data Analyst who is adaptable, quick to learn, and comfortable working across multiple projects and business functions. Unlike a dedicated role tied to one domain, this position will rotate/support across different projects as business priorities shift, making it ideal for someone who's curious, eager to build breadth, and thrives in a dynamic environment. Requirements Key R…",2026-07-10T15:19:19Z,IT Jobs,0
Data Analyst,Proof of Skill,"andheri, mumbai",1200000.0,1200000.0,1200000.0,"Analyzing hiring and candidate data to improve decision-making, shortlisting, and overall system efficiency. Skills: Logical/analytical thinking, Excel/Google Sheets, basic SQL, data interpretation, data visualization, attention to detail. Responsibilities: Analyze candidate and hiring data, build dashboards and reports, improve shortlisting/scoring systems, track hiring funnel metrics, work with ops/product teams, ensure data accuracy. This is a remote position.",2026-07-03T06:18:29Z,IT Jobs,4
Data Analyst,Sia,"mumbai, maharashtra",500000.0,1000000.0,750000.0,"Job Description We are hiring a Power BI Developer to support our global internal teams (Finance, HR, Strategy, Corporate Functions) by delivering high-impact business intelligence dashboards, datasets, and analytics solutions. This role is critical for strengthening our internal reporting systems and driving data-backed decision-making across the organization. Key Responsibilities Design, maintain, and enhance internal Power BI dashboards and analytics for Corporate Finance and other functions…",2026-07-24T01:04:13Z,IT Jobs,1
Data Analyst,Ubisoft,"pune, maharashtra",500000.0,1000000.0,750000.0,"Job Description Impact - Enable data-driven decisions for leaders for LiveOps events, feature launches, and content updates through dashboards by defining datasets. Track KPIs including and not limited upto - Daily Active Users (DAU), Retention Rate, Churn Rate, ARPU (Average Revenue Per User), and session metrics. Make daily / weekly/monthly reports on player behavior, performance accuracy, engagement, and monetization / revenue trends to improve visibility. Proactively identify patterns, anom…",2026-07-16T06:56:15Z,IT Jobs,0
Data Analyst,Digital Twin,"pune, maharashtra",500000.0,1000000.0,750000.0,"Job Summary - Data Analyst We are looking to hire a data analyst to join our enterprise customer solutions team. As a Data Analyst, one will take responsibility for developing reports, and troubleshooting data issues. To do well in this role you need attention to detail, past experience as a data analyst, and a deep understanding of the popular data analysis tools and databases. Data Analyst Responsibilities: ● Commissioning and decommissioning of data sets. ● Processing confidential data and i…",2026-05-21T02:12:34Z,IT Jobs,0
Data Analyst,SveltetechTechnologies Pvt Ltd,"delhi, india",0.0,300000.0,150000.0,"Data Analyst Job Duties Data analyst responsibilities include conducting full lifecycle analysis to include requirements, activities and design. Data analysts will develop analysis and reporting capabilities. They will also monitor performance and quality control plans to identify improvements. Responsibilities Interpret data, analyze results using statistical techniques and provide ongoing reports Develop and implement databases, data collection systems, data analytics and other strategies tha…",2021-02-15T04:27:43Z,IT Jobs,0
Data Analyst,Qrata,"delhi, india",1000000.0,1200000.0,1100000.0,"Job Title: Data Analyst Job Brief: The successful candidate will turn data into information, information into insight and insight into business decisions. Data Analyst Job Duties Data analyst responsibilities include conducting full lifecycle analysis to include requirements, activities and design. Data analysts will develop analysis and reporting capabilities. They will also monitor performance and quality control plans to identify improvements. About Us We began in 2015 with an entrepreneuria…",2024-01-07T15:08:07Z,IT Jobs,0
Data Analyst,Amicus Therapeutics,"bangalore, karnataka",500000.0,1000000.0,750000.0,"Position Description Data Analyst Location: Remote/Bangalore Amicus Therapeutics is a global, patient-dedicated biotechnology company focused on discovering, developing and delivering high-quality medicines for people living with rare metabolic diseases. Position Summary Data analyst responsibilities include conducting full lifecycle analysis to include requirements, activities and design. Data analysts will develop analysis and reporting capabilities. They will also monitor performance and qua…",2025-04-16T01:41:37Z,IT Jobs,0
Data Analyst,Amicus India,"bangalore, karnataka",500000.0,1000000.0,750000.0,"Data Analyst Location: Remote/Bangalore Amicus Therapeutics is a global, patient-dedicated biotechnology company focused on discovering, developing, and delivering high-quality medicines for people living with rare metabolic diseases. Position Summary Data analyst responsibilities include conducting full lifecycle analysis to include requirements, activities and design. Data analysts will develop analysis and reporting capabilities. They will also monitor performance and quality control plans t…",2026-05-30T02:27:15Z,IT Jobs,0
Data Analyst,Aliqan Services,"chennai, tamil nadu",500000.0,1000000.0,750000.0,"Data Analyst (6 years) Insurance domain for 3-4 Years Proficiency in data querying, reporting, and visualization tools Role: Other Industry Type: Insurance Department: Other Employment Type: Full Time, Permanent Role Category: Other Education UG: B.Tech/B.E. in Any Specialization Skills: Data Visualization, data reporting, Data Analyst Experience: 6.00-10.00 Years",2026-07-10T07:19:30Z,IT Jobs,1
Data Analyst,Aliqan Services,"gurgaon, haryana",500000.0,1000000.0,750000.0,"Data Analyst (6 years) Insurance domain for 3-4 Years Proficiency in data querying, reporting, and visualization tools Role: Other Industry Type: Insurance Department: Other Employment Type: Full Time, Permanent Role Category: Other Education UG: B.Tech/B.E. in Any Specialization Skills: Data Visualization, data reporting, Data Analyst Experience: 6.00-10.00 Years",2026-07-10T07:19:30Z,IT Jobs,1
Data Analyst,Leading Client,"hyderabad, telangana",500000.0,1000000.0,750000.0,"Job Description Role Overview: We are looking for an experienced Data Business Analyst with strong exposure to Snowflake and Databricks who can work closely with business stakeholders and analytics teams.Job Title: Data Business Analyst Key Skills & Experience: 5 years of experience as a Business Analyst / Data Business Analyst Strong hands-on experience with Snowflake and Databricks Advanced SQL skills for data analysis and validation Experience with data pipelines, ETL processes , and data qu…",2026-05-12T05:45:42Z,IT Jobs,2
Data Analyst,InTouch CX,"hyderabad, telangana",500000.0,1000000.0,750000.0,"About the Job We are looking for a Data Analyst who is a self-starter with the ability to work in a fast-paced, performance driven environment. The incumbent will be responsible for the analysis and reporting of operational related data in an on-going effort to increase visibility for program performance. As Data Analyst, You Will… Collect, analyze, evaluate and report data in order to increase visibility into performance for all lines of business within 24-7 Intouch Complete projects and ad-ho…",2026-01-16T00:31:50Z,IT Jobs,0
Data Analyst,Careernet,india,500000.0,1000000.0,750000.0,"Job Description Key Skills: Data Analyst, Data Analysis, Python, Product Owner, SQL Roles and Responsibilities: Analyze and interpret complex datasets related to marketing performance and customer engagement. Collaborate with Product Owners to understand business objectives and translate them into data-driven insights. Use Python and ANSI-SQL for data extraction, manipulation, and advanced analysis. Merge data from multiple source systems while ensuring data accuracy and consistency. Clean, tra…",2026-04-05T03:36:04Z,IT Jobs,2
Data analyst,RECEX,"kolkata, west bengal",500000.0,1000000.0,750000.0,"Job Description: Job Title: Data Analyst Job Description: We are looking for a skilled Data Analyst to collect, analyze, and interpret large datasets to help drive business decisions. The ideal candidate will have strong analytical skills, attention to detail, and experience with data visualization tools. Key Responsibilities: Analyze data to identify trends and insights. Create dashboards and reports for internal stakeholders. Collaborate with teams to understand data needs. Ensure data accura…",2026-05-14T02:27:02Z,IT Jobs,1
Data Analyst,Fatakpay,india,800000.0,1500000.0,1150000.0,"Job Title : Data Analyst-Fintech Job Description : We are seeking a highly motivated and detail-oriented Data Analyst with 2 to 4 years of work experience to join our team. The ideal candidate will have a strong analytical mindset, excellent problem-solving skills, and a passion for transforming data into actionable insights. In this role, you will play a pivotal role in gathering, analyzing, and interpreting data to support informed decision-making and drive business growth. Key Responsibiliti…",2024-12-07T13:03:54Z,IT Jobs,1
Data analyst,Cars24,"pune, maharashtra",500000.0,1000000.0,750000.0,"Job Description: We are seeking a talented and motivated Data Analyst to join our team. The ideal candidate will have a passion for data, a strong analytical mindset, and the ability to derive insights that drive business decisions. As a Data Analyst, you will be responsible for collecting, analyzing, and interpreting large datasets to provide actionable insights to various stakeholders across the organization. Key Responsibilities: Data Collection and Cleaning: Collect and clean data from vari…",2026-07-02T07:16:47Z,IT Jobs,0
DATA ANALYST,Connect Pro Srl,"ajmer, rajasthan",500000.0,1000000.0,750000.0,"Posizione - Data Analyst Lavora con noi Data Analyst Id Richiesta: 1002 Sede: Milano Data Analyst È responsabile della raccolta, analisi e interpretazione dei dati aziendali per guidare decisioni strategiche e migliorare le performance. Ha il compito di trasformare dati complessi in insight utili per il business, collaborando con diversi dipartimenti per ottimizzare le attività aziendali. Responsabilità Principali Raccolta e analisi dei dati da diverse fonti aziendali. Creazione di report e das…",2026-07-23T15:54:18Z,IT Jobs,0
Data analyst,Cars24 Services Private Limited,"pune, maharashtra",500000.0,1000000.0,750000.0,"Job description Job Description: We are seeking a talented and motivated Data Analyst to join our team. The ideal candidate will have a passion for data, a strong analytical mindset, and the ability to derive insights that drive business decisions. As a Data Analyst, you will be responsible for collecting, analyzing, and interpreting large datasets to provide actionable insights to various stakeholders across the organization. Key Responsibilities: Data Collection and Cleaning: Collect and clea…",2026-06-11T06:50:59Z,IT Jobs,0
Data Analyst,RECEX,"vasai, thane",500000.0,1000000.0,750000.0,"Job Description: *]:pointer-events-auto R6Vx5W_threadScrollVars scroll-mb-[calc(var(scroll-root-safe-area-inset-bottom,0px)var(thread-response-height))] scroll-mt-[calc(var(header-height)min(200px,max(70px,20svh)))]"" data-scroll-anchor=""false"" data-testid=""conversation-turn-2"" data-turn=""assistant"" data-turn-id=""request-WEB:a09f2817-6254-4ccc-9fb6-39e39dbcb8e3-0"" data-turn-id-container=""request-WEB:a09f2817-6254-4ccc-9fb6-39e39dbcb8e3-0"" dir=""auto""> Job Description – Data Analyst Position: Data…",2026-05-27T02:25:11Z,IT Jobs,0
Data Analyst,Malaysian Global Innovation and Creativity Centre,india,500000.0,1000000.0,750000.0,"MaGIC Technology and Product team is looking for a data analyst to help expand and improve data on startups, investors, and founders in the ASEAN region. As part of the data team on our Startup Database product, you will assist in maintaining the accuracy of information on startups and investors, and continuously update our repository with latest publicly available data on the same. The job offers a high degree of autonomy and will also see you playing a leading role in the analysis of the data…",2019-06-05T21:12:29Z,IT Jobs,0
Data Analyst,In Touch,"hyderabad, telangana",500000.0,1000000.0,750000.0,"About the Job Join us in transforming the perception of customer service! We are seeking a dedicated Data Analyst to analyze and report on operational data, enhancing program performance visibility. This role is vital in contributing to various projects and performing ad-hoc analyses, providing timely insights that support strategic decision-making. If you are passionate about data and eager to make a significant impact, we invite you to apply! As Data Analyst, You Will… Collect and organize la…",2026-01-16T00:45:45Z,IT Jobs,0
Data Analyst,Techwave Consulting India Private,india,500000.0,1000000.0,750000.0,"Techwave , we are always in an exercise to foster a culture of growth, and inclusivity. We ensure whoever is associated with the brand is being challenged at every step and is provided with all the necessary opportunities to excel in life. People are at the core of everything we do. Who are we? Techwave is a leading global IT and engineering services and solutions company revolutionizing digital transformations. We believe in enabling clients to maximize the potential and achieve a greater mark…",2026-05-10T02:24:12Z,IT Jobs,1
Data Analyst,Namaste Credit,"bangalore, karnataka",500000.0,1000000.0,750000.0,"About the Role The following Job Specification is intended to reflect the nature, range and context of the work. It identifies the main requirements of the job but is not an exhaustive list of duties. The Data Analyst role is a vital role as to be a sole point of contact responsible for closely working with various teams internally and closely working with the CTO. This role typically requires the resource to analyse the vast number of datasets and provide a meaningful impact and the result of …",2020-09-19T01:45:32Z,IT Jobs,0
Data Analyst,NAVVYASA CONSULTING PRIVATE LIMITED,india,500000.0,1000000.0,750000.0,"About the Role We are looking for a highly skilled Data Analyst or Data Scientist with strong expertise in Python and SQL to join our client’s team. The primary responsibility will be to automate data-driven workflows and processes based on detailed business steps provided by the Product and Business teams. The ideal candidate will bridge the gap between analytics, process understanding, and automation execution. Key Responsibilities ● Collaborate with the Business and Product teams to understa…",2025-11-20T00:58:08Z,IT Jobs,2
Data Analyst,Reality Premedia Services Pvt Ltd,"pune, maharashtra",0.0,800000.0,400000.0,"We at Reality Premedia pvt ltd is looking for Data Analyst for Pune location. Must have experience in BFSC domain. Exp- Min 3yrs Location- Pune Mandatory Skills- Exp in powerBI/Tableau, SQL Basic Python Skills:- Tableau, PowerBI and Data Analytics",2021-09-29T05:01:45Z,IT Jobs,3
Data Analyst,Intelliatx Therapeutics,"bangalore, karnataka",500000.0,1000000.0,750000.0,"Data Analyst – Job Decription Connecting people with each other and the right information is mission critical. Our Company develops innovative cloud-based technology to make it easier, more effective and more efficient to make the right connections. Our solutions put people in sync with each other and the right information, so they gain the insight needed to reach better decisions on the issues that matter most. We do it with a laser focus on reliability. The Company is a leading provider of te…",2025-11-19T22:19:09Z,IT Jobs,0
Data Analyst,RegisterKaro,india,400000.0,1000000.0,700000.0,"Job Description: Data Analyst Position: Data Analyst Location: Gurgaon Experience Level: 1-3 Years Employment Type: Full-Time Role Overview We are looking for a results-driven Data Analyst to join our team and support business decision-making through data insights and analytics. The ideal candidate will be highly proficient in Python, skilled in data visualization tools, and experienced in solving complex problems to drive measurable business outcomes such as revenue growth or cost reduction. K…",2025-01-01T11:53:10Z,IT Jobs,2
Data Analyst,Indium Software,india,250000.0,800000.0,525000.0,"The Data Analyst in the CoE will provide end to end solution development, working in conjunction with the Domain Leads and Technology Partners. He is responsible for the delivery of solutions and solution changes which are driven by the business requirements as well as providing technical and development capabilities. Knowledge Skills:- Apache Synapse, SQL, SAP MDG ( Master Data Governance), Python and Data Analytics",2021-06-12T12:42:07Z,IT Jobs,2
Data Analyst,Sagility,india,500000.0,1000000.0,750000.0,"Sagility combines industry-leading technology and transformation-driven BPM services with decades of healthcare domain expertise to help clients draw closer to their members. The company optimizes the entire member/patient experience through service offerings for clinical, case management, member engagement, provider solutions, payment integrity, claims cost containment, and analytics. Sagility has more than 25,000 employees across 5 countries. ""To conduct data analysis, provide insights, and c…",2025-12-07T22:44:33Z,IT Jobs,0
Data Analyst,Virtusa,india,500000.0,1000000.0,750000.0,"Data Analyst (DA) This job description outlines a Data Analyst position at Virtusa in Hyderabad, operating under a full-time, in-office model. The role is critical for enabling efficient delivery across Deal Operations and QA functions by tracking, analyzing, and forecasting workforce and operational metrics. Core Responsibilities and Deliverables The position covers three primary operational areas Workforce Planning & Scheduling You will forecast volume trends, manage shift rosters, track capa…",2026-07-18T03:19:03Z,IT Jobs,0
Data Analyst,Ecolab,india,500000.0,1000000.0,750000.0,"At Ecolab, you can help take on some of the world’s most meaningful challenges, delivering critical insights and innovative solutions to help our customers achieve clean water, safe food, abundant energy and healthy environments. With our worldwide reach and ambitious growth plans, you will have the opportunity to own your future and impact what matters. Are you ready to make an impact? Ecolab is searching for a driven Data Analyst for our Enterprise Growth Operations Team in Pune, India . The …",2026-07-09T03:05:51Z,Sales Jobs,0
Data Analyst,EWU,"coimbatore, tamil nadu",400000.0,700000.0,550000.0,"We’re seeking a detail-oriented Data Analyst with proven experience in corporate settings to transform raw data into actionable insights. You’ll collaborate across departments to support strategic decision-making, optimize operations, and enhance business performance through data-driven analysis. Skills:- PowerBI, Tableau, Data Analytics, Dashboard, MS-Office, Data Visualization and Advanced analytics",2025-08-04T05:33:07Z,IT Jobs,2
Data Analyst,Vikash Technologies,"delhi, india",1500000.0,1900000.0,1700000.0,"Hiring for Data Analyst Exp : 5 - 7 yrs Edu : BE/B.Tech Work Location : Noida WFO Skills : Expertise in SQL Server, including database design, performance tuning, query optimization, and security. Hands-on experience developing ETL solutions using SSIS, Azure Data Factory (ADF), and Python. Skills:- SQL server, ETL, ELT, Azure Data Factory, Python and SSIS",2026-07-15T15:12:05Z,IT Jobs,4
data analyst,Epik Solutions,india,50000.0,700000.0,375000.0,"Job Title: Data Analyst Location: Permanent Work from Home Job Type: Full-Time Job Description: We are seeking a highly motivated and skilled Data Analyst to join our team. The ideal candidate will have a strong background in data analysis, incident management, and real-time data reporting. The role demands exceptional communication skills, both written and spoken, as well as the ability to work flexible shifts to support our global operations. Key Responsibilities: - Perform data analysis to i…",2024-09-07T11:25:36Z,IT Jobs,1
Data Analyst,Multi Recruit,"bangalore, karnataka",1200000.0,1400000.0,1300000.0,"We are looking for a Business Intelligence (BI)/Data Analyst to create and manage Power Bl and analytics solutions that turn data into knowledge. In this role, you should have a background in data and business analysis. If you are self-directed, passionate about data, and have business acumen and problem-solving aptitude, we'd like to meet you. Ultimately, you will enhance our business intelligence system to help us make better decisions. Requirements and Qualifications BSc/BA in Computer Scien…",2022-01-30T04:34:26Z,IT Jobs,0
Data Analyst,Beworld web services,"telangana, india",500000.0,1000000.0,750000.0,"We are looking for a detail-oriented and proactive Data Analyst with around 1 year of experience in a consumer app or product-based environment. The ideal candidate should have strong analytical skills, hands-on experience with SQL and MongoDB, and the ability to work closely with cross-functional teams to drive data-informed decisions. Key Responsibilities Analyze user behavior, product performance, and business metrics for consumer applications. Write efficient SQL queries to extract, transfo…",2026-06-30T14:52:26Z,IT Jobs,1
Data Analyst,MSMEx,"mumbai, maharashtra",0.0,1200000.0,600000.0,We are looking for a Data Analyst that oversees organisational data analytics. This will require you to design and help implement the data analytics platform that will keep the organisation running. The team will be the go-to for all data needs for the app and we are looking for a self-starter who is hands on and yet able to abstract problems and anticipate data requirements. This person should be very strong technical data analyst who can design and implement data systems on his own. Along wit…,2021-09-05T02:42:02Z,IT Jobs,0
Data Analyst,Syrencloud,"hyderabad, telangana",0.0,800000.0,400000.0,"Our growing technology firm is looking for an experienced Data Analyst who is able to turn project requirements into custom-formatted data reports. The ideal candidate for this position is able to do complete life cycle data generation and outline critical information for each Project Manager. We also need someone who is able to analyze business procedures and recommend specific types of data that can be used to improve upon them. Skills:- SQL, SAP and Data Analytics",2021-09-11T02:17:17Z,IT Jobs,1
Data Analyst,RECEX,"delhi, india",500000.0,1000000.0,750000.0,"Job Description: We are seeking a skilled Data Analyst with expertise in Power BI to design and maintain interactive dashboards, analyze complex datasets, and deliver actionable insights. The ideal candidate will have experience in data visualization, report creation, and performance analysis. Strong proficiency in Power BI, SQL, and Excel is essential. The role requires excellent problem-solving abilities, attention to detail, and effective communication to present data findings to stakeholder…",2026-05-14T02:27:43Z,IT Jobs,5
Data Analyst,Kotak Life,"gurgaon, haryana",500000.0,1000000.0,750000.0,"Job Description- Job Summary: We are seeking a detail-oriented Data Analyst with expertise in SAS and VBA. The ideal candidate will possess strong skills in SQL, DataSteps, and dashboard creation to support our data-driven decision-making process. This role involves completing ad hoc data requests and ensuring effective data management using databases. Key Responsibilities: • Utilize SAS for data analysis and MIS reporting. • Manage and produce daily, weekly, and monthly MIS reports to track ke…",2026-06-13T08:48:32Z,IT Jobs,3
Data Analyst,Fragma Data Systems,india,600000.0,800000.0,700000.0,"Good grasp and hands-on exposure to SQL, Hive. Good to have- Azure cloud, Spark sql. 1. Will be the point of contact for reporting/data management needs and will be responsible to drive complex data analysis and propose improvement opportunities in existing tools and reports. 2. The Data Analyst will be responsible to establish best practices in data management, data visualization, and report distribution. 3. Understanding requirements and converting into technical and business delivers. 4. Lev…",2022-02-12T04:45:18Z,IT Jobs,4
Data Analyst,Not Specified,"vadodara, gujarat",500000.0,1000000.0,750000.0,"We are Hiring for ( Data Analyst ) ( Desired Candidate Profile: Checking ) Analysis and entering data in databases working in a Emergency Control Room and working on Logistics Portal Interface and GPS, Good Communication skill (Hindi & English) Employee Condition:- · Job Location is Vadodara · Girls only work in ‘A’ and ‘B’ Shift · Bond Period is 1 Years and breach to which is strictly not allowed. Special Request / Permissions shall be reviewed for by higher management is case of relieving · R…",2024-05-10T07:38:51Z,IT Jobs,1
Data Analyst,ARC Gate Private Limited,"ajmer, rajasthan",500000.0,1000000.0,750000.0,"Share this jobShare this job Data Analyst Arcgate is a dynamic and rapidly growing team of 2500 professionals passionate about data and technology. We partner with leading startups and enterprises to deliver solutions across data analytics, AI data preparation, quality engineering,search relevance, and more. We are currently seeking a Data Analyst to join our team. This role will play a key part in delivering high-quality data analysis and reporting to drive decision-making across client’s prod…",2026-06-29T18:13:09Z,IT Jobs,0
Data analyst,Sadup Softech,"bangalore, karnataka",1200000.0,1500000.0,1350000.0,"Must have skills 3 to 6 years Data Science SQL, Excel, Big Query - mandate 3 years Python/ML, Hadoop, Spark - 2 years Requirements • 3 years prior experience as a data analyst • Detail oriented, structural thinking and analytical mindset. • Proven analytic skills, including data analysis and data validation. • Technical writing experience in relevant areas, including queries, reports, and presentations. • Strong SQL and Excel skills with the ability to learn other analytic tools • Good communic…",2024-06-01T09:41:50Z,IT Jobs,5
Data Analyst,Jetking Technologies Private Limited,"noida, ghaziabad",20000.0,25000.0,22500.0,"Job Description– Data Analyst Qualification: Bachelor's degree in Computer Science, Statistics, Mathematics, or related field Location: Noida sector 127 Experience: • 1–3 years • Proficiency in MS Excel (pivot tables, VLOOKUP, formulas) • Basicknowledge of SQLfor data querying • Familiarity with data visualization tools (Power BI/Tableau)– preferred • Stronganalytical and problem-solving skills • Goodcommunicationskills Roles and Responsibilities: • Collect, clean, and organize data from multip…",2026-07-15T10:21:31Z,IT Jobs,7
Data Analyst,Fusemachines,india,500000.0,1000000.0,750000.0,"About Fusemachines Founded in 2013, Fusemachines is a global provider of enterprise AI products and services, on a mission to democratize AI. Leveraging proprietary AI Studio and AI Engines, the company helps drive the clients’ AI Enterprise Transformation, regardless of where they are in their Digital AI journeys. With offices in North America, Asia, and Latin America, Fusemachines provides a suite of enterprise AI offerings and specialty services that allow organizations of any size to implem…",2026-04-23T01:53:07Z,IT Jobs,0
Data Analyst,Fusemachines,"pune, maharashtra",500000.0,1000000.0,750000.0,"About Fusemachines Founded in 2013, Fusemachines is a global provider of enterprise AI products and services, on a mission to democratize AI. Leveraging proprietary AI Studio and AI Engines, the company helps drive the clients’ AI Enterprise Transformation, regardless of where they are in their Digital AI journeys. With offices in North America, Asia, and Latin America, Fusemachines provides a suite of enterprise AI offerings and specialty services that allow organizations of any size to implem…",2026-06-19T17:24:10Z,IT Jobs,0
Data Analyst,Wissen Technology,"bangalore, karnataka",500000.0,1000000.0,750000.0,"Role- Data Analyst Experience- 2 to 5 years Location-Bangalore Job Role- ● Experience: Minimum of 2 years of professional experience in a data-heavy environment (E-commerce or Fintech experience is a plus). ● SQL Mastery: Exceptional ability to write complex joins, window functions, Analytical functions, and CTEs. Experience with high-scale databases (e.g., BigQuery, Hive, or Postgres). ● Scripting: Functional knowledge of Python for data manipulation (Pandas, NumPy) and basic automation script…",2026-03-28T11:28:26Z,IT Jobs,4
Data Analyst,Graphene Services Pte Ltd,"bangalore, karnataka",500000.0,1000000.0,750000.0,"About Graphene Graphene is a Singapore Head quartered AI company which has been recognized as Singapore’s Best Start Up By Switzerland’s Seedstarsworld, and also been awarded as best AI platform for healthcare in Vivatech Paris. Graphene India is also a member of the exclusive NASSCOM Deeptech club. We are developing an AI plaform which is disrupting and replacing traditional Market Research with unbiased insights with a focus on healthcare, consumer goods and financial services. Graphene was f…",2021-10-13T05:52:44Z,IT Jobs,0
Data Analyst,EXL,"pune, maharashtra",500000.0,1000000.0,750000.0,"Description Must-Have: ● 4 / 5 years of professional experience as a Data Analyst with good decision-making, analytical and problem-solving skills. ● SQL, Pyspark, Python with Banking Domain knowledge - Credit & Lending. Working knowledge / experience of Big Data frameworks like Hadoop, Hive and Spark. ● Hands-on experience in query languages like HQL or SQL (Spark SQL) for Data exploration. ● Data mapping: Determine the data mapping required to join multiple data sets together across multiple …",2026-07-25T03:27:49Z,IT Jobs,4
Data Analyst,Highfly Sourcing,india,1500000.0,2500000.0,2000000.0,"We are seeking a motivated Data Analyst to support business operations by analyzing data, preparing reports, and delivering meaningful insights. The ideal candidate should be comfortable working with data, identifying patterns, and presenting findings in a clear and actionable way. Key Responsibilities: Collect, clean, and organize data from internal and external sources Analyze large datasets to identify trends, patterns, and opportunities Prepare regular and ad-hoc reports for business stakeh…",2025-12-20T11:07:17Z,IT Jobs,0
Data Analyst,Webkit24,"kolkata, west bengal",500000.0,1000000.0,750000.0,"Required Skills & Qualifications: Bachelors degree in Statistics, Mathematics, Computer Science, Economics, or related field 2 years of experience as a Data Analyst or similar role Strong knowledge of SQL, Excel, and data visualization tools (Tableau, Power BI, etc ) Familiarity with Python or R for data analysis is a plus Experience with data warehousing and ETL pipelines is preferred Excellent problem-solving and critical thinking skills Strong communication skills to explain complex data fin…",2026-06-26T07:29:41Z,IT Jobs,9
Data Analyst,Webkit24,"pune, maharashtra",500000.0,1000000.0,750000.0,"Required Skills & Qualifications: Bachelors degree in Statistics, Mathematics, Computer Science, Economics, or related field 2 years of experience as a Data Analyst or similar role Strong knowledge of SQL, Excel, and data visualization tools (Tableau, Power BI, etc ) Familiarity with Python or R for data analysis is a plus Experience with data warehousing and ETL pipelines is preferred Excellent problem-solving and critical thinking skills Strong communication skills to explain complex data fin…",2026-06-26T07:29:41Z,IT Jobs,9
Data Analyst,Hunarstreet Technologies Pvt Ltd,"vadodara, gujarat",600000.0,800000.0,700000.0,"Job Overview As a Profile Data Setup Analyst, you will play a key role in configuring, analysing, and managing product data for our customers. You will work closely with internal teams and clients to ensure accurate, optimized, and timely data setup in Windowmaker software. This role is perfect for someone who enjoys problem-solving, working with data, and continuously learning. Key Responsibilities • Understand customer product configurations and translate them into structured data using Windo…",2026-01-28T11:24:00Z,IT Jobs,0
Data Analyst,Cytiva Life Science,"bangalore, karnataka",500000.0,1000000.0,750000.0,"Be part of something altogether life-changing Working at Cytiva in the Life Sciences industry means being at the forefront of providing new solutions to transform human health. Our incredible customers undertake life-saving activities ranging from fundamental biological research to developing innovative vaccines, new medicines, and cell and gene therapies. At Cytiva you will be able to continuously improve yourself and us – working on challenges that truly matter with people that care for each …",2026-04-22T01:59:28Z,IT Jobs,0
Data Analyst,Jobdost,"bangalore, karnataka",0.0,500000.0,250000.0,"About the role: We are looking for a motivated data analyst with sound experience in handling web/ digital analytics, to join us as part of the Kapiva D2C Business Team. This team is primarily responsible for driving sales and customer engagement on our website. This channel has grown 5x in revenue over the last 12 months and is poised to grow another 5x over the next six. It represents a high-growth, important part of our overall e-commerce growth strategy. The mandate here is to run an end-to…",2023-10-02T13:22:30Z,IT Jobs,0
Data Analyst,Mr n Mrs Pet,"jaipur, rajasthan",100000.0,300000.0,200000.0,"Requirements: Bachelor’s degree from university or college in computer science. Work experience as a data analyst or in a related field. Ability to work with stakeholders to assess potential risks. Ability to analyse existing tools and databases and provide software solution recommendations. Ability to translate business requirements into non-technical, lay terms. High-level experience in methodologies and processes for managing large-scale databases. Demonstrated experience in handling large d…",2022-07-22T06:48:32Z,IT Jobs,0
Data Analyst,Colan Infotech Private Limited,"chennai, tamil nadu",500000.0,1000000.0,750000.0,Greetings from Colan Infotech  Designation - Data Analyst Experience - 6-8 Years Notice Period - Immediate joiners only Job Location -Chennai(Work from office only) Required Skills & Experience Were looking for people who: 68 years of experience in Data Analytics / BI / Data Engineering Strong consultative mindset with excellent communication skills Experience building enterprise dashboards using Power BI or Tableau Comfortable working independently and with cross-functional teams Programming S…,2026-05-26T06:36:51Z,IT Jobs,4
Data Analyst,Stripe,india,500000.0,1000000.0,750000.0,"Who we are About Stripe Stripe is a financial infrastructure platform for businesses. Millions of companies—from the world's largest enterprises to the most ambitious startups—use Stripe to accept payments, grow their revenue, and accelerate new business opportunities. Our mission is to increase the GDP of the internet, and we have a staggering amount of work ahead. That means you have an unprecedented opportunity to put the global economy within everyone's reach while doing the most important …",2026-07-14T21:14:56Z,IT Jobs,0
Data Analyst,EXL,"bangalore, karnataka",500000.0,1000000.0,750000.0,"Description Title : Data Analyst Location : Bangalore Develop and maintain interactive dashboards using Power BI/Tableau for business reporting Translate business requirements into data-driven solutions and recommendations Apply strong problem-solving skills to identify trends, gaps, and opportunities Work closely with stakeholders to support strategic decision-making Analyze large and complex datasets using SQL to extract actionable insights Ensure data accuracy, quality, and consistency acros…",2026-06-25T02:26:29Z,IT Jobs,3
Data Analyst,Awign,"bangalore, karnataka",400000.0,700000.0,550000.0,We are looking for a result-driven candidate to join our analytics team as a Data Analyst. Duties And Responsibilities 1. Work closely with Operation Head to setup reporting structures using complex formula(s) over Google Sheets. 2. Should be able to use Google Apps Script towards creating simple applications for ongoing projects/clients. 3. To run a detailed analysis of project-level data to generate additional insights for clients in the form of analytical dashboards. 4. To build trackers for…,2020-10-15T02:16:09Z,IT Jobs,1
Data Analyst,Test,"gurgaon, haryana",500000.0,1000000.0,750000.0,"Description We are seeking a Data Analyst with 4-8 years of experience to join our dynamic team in India. The ideal candidate will be responsible for transforming data into actionable insights, supporting business decisions, and driving strategic initiatives. Responsibilities Collecting, processing, and analyzing large datasets to derive actionable insights. Creating and maintaining dashboards and reports to visualize data trends and performance metrics. Collaborating with cross-functional team…",2026-06-26T07:31:48Z,IT Jobs,0
Data Analyst,Align Technology,"delhi, india",500000.0,1000000.0,750000.0,"Description We are seeking a Data Analyst to join our team in India. The ideal candidate will have 1-4 years of experience in data analysis, with a strong background in statistical analysis, data visualization, and reporting. You will be responsible for transforming raw data into actionable insights to drive business strategies. Responsibilities Collecting, processing, and analyzing data to provide insights and support decision-making. Creating reports and visualizations to communicate findings…",2026-07-11T07:20:30Z,IT Jobs,1
Data Analyst,NatWest Markets,"bangalore, karnataka",500000.0,1000000.0,750000.0,"Job description Take on a critical role defining and realising fantastic solutions, processes, benefits and new opportunities to deliver to our stakeholders you'll be working in a vibrant, forward looking team and helping us to shape the future of our business It s a great chance to hit the ground running, take advantage of our development opportunities, and advance your career we're offering this role at associate level What you'll doIn your new role, you'll be supporting the analysis of compl…",2026-06-11T06:55:22Z,IT Jobs,0
Data Analyst,Genisys Information Systems India Private Limited,"bangalore, karnataka",500000.0,1000000.0,750000.0,"Notice Immediate: Immediate Joiners Location: Remote; Hours: US Pacific time business hours; US and client calendar (9PM to 5AM IST) NOTE: Individual is expected to and must be full-time dedicated to this role Position Overview: The Senior Data Analyst will play a critical role in analyzing and interpreting complex data to drive key business decisions. This individual will work closely with cross-functional teams to deliver actionable insights, optimize performance, and enhance our data-driven …",2026-06-13T08:43:56Z,IT Jobs,0
Data Analyst,DATAECONOMY,"mini sectt., gurgaon",500000.0,1000000.0,750000.0,"Senior Data Analyst - Data Platform Discipline: Data Analytics Location: Gurugram) Shift Time - 12 PM to 8:30 PM IST Role Summary As a Senior Data Analyst, you will play a critical role in supporting Asia data modernization, IBOR/ABOR initiatives, and enterprise analytics. You will partner closely with Investment, Finance, Risk, and Technology teams to analyze complex datasets, define data requirements, and translate business needs into well ‑ governed, analytics ‑ ready data products. This is …",2026-06-26T04:14:49Z,Accounting & Finance Jobs,0
Data Analyst,Appitsimple infotek Pvt. Ltd.,india,100000.0,300000.0,200000.0,"Job role: As a data analyst, you will be responsible for compiling actionable insights from data and assisting program, sales and marketing managers build data-driven processes. Your role will involve driving initiatives to optimize for operational excellence and revenue. Responsibilities: Ensure that data flows smoothly from source to destination so that it can be processed Utilize strong database skills to work with large, complex data sets to extract insights Filter and cleanse unstructured …",2024-12-30T12:10:27Z,IT Jobs,1
Data Analyst,Qrata,"mumbai, maharashtra",500000.0,1000000.0,750000.0,"DATA ANALYST About: We allows customers to ""buy now and pay later"" for goods and services purchased online and offline portals. It's a rapidly growing organization opening up new avenues of payments for online and offline customers. Role: Define and continuously refine the analytics roadmap. Build, Deploy and Maintain the data infrastructure that supports all of the analysis, including the data warehouse and various data marts Build, deploy and maintain the predictive models and scoring infrast…",2024-01-07T15:07:43Z,IT Jobs,0
Data Analyst,BitClass,"bangalore, karnataka",0.0,1600000.0,800000.0,"BitClass, a VC funded startup (backed by the investors or Unacademy, Doubtnut, ShareChat, Meesho among others) in the domain of edtech, is looking for a data analyst to help in making better business decisions using information from the available data. The responsibility is to gather and prepare data from multiple sources, run statistical analyses, and communicate your findings in a clear and objective way. Responsibilities - Understanding the business requirements so as to formulate the proble…",2021-10-24T04:00:25Z,IT Jobs,0
Data Analyst,American Technology Consulting,india,500000.0,1000000.0,750000.0,"The Data Analyst validates and analyzes a variety of agency data sources to garner public health insight. The incumbent will produce reports and support data-related activities for the several divisions. In addition, this role will assist with curation and analysis of various other datasets and assist teams with integrating new data and information into existing and new reports. JOB DUTIES • Serves as project lead/subject matter expert for specific data sources, as assigned • Reviews and provid…",2026-02-17T08:34:58Z,IT Jobs,0
Data Analyst,Stantec,"pune, maharashtra",500000.0,1000000.0,750000.0,"Description Your Opportunity We have an exciting opportunity for a Data Analyst to join our team in India. In this role, you will develop insights that enhance our understanding of Stantec’s growth and business performance. This includes building dashboards and analyses that support enterprise-level programs across sales, business development, pursuits, marketing, and growth programs. You will work in an agile delivery model, contributing through structured sprint cycles and collaborating close…",2026-07-24T03:19:37Z,IT Jobs,0
Data Analyst,Amazon,"bangalore, karnataka",0.0,800000.0,400000.0,"Data Analyst Job Description : About GlowRoad: GlowRoad is building India's most profitable social e-commerce platform where resellers share the catalog of products through their network on Facebook, Whatsapp, Instagram, etc and convert them to sales. GlowRoad is on a mission to create micro-entrepreneurs (resellers) who can set up their web-store, market their products and track all transactions through its platform. GlowRoad app has 15M downloads and 1- million  MAU's.- GlowRoad has been fund…",2021-11-12T04:18:09Z,IT Jobs,0
Data Analyst,Novel Office,"kolkata, west bengal",500000.0,1000000.0,750000.0,"Job description Proactively analyse data using statistical methods to answer key questions from stakeholders or out of self-initiated curiosity with an eye for what drives business performance, investigating and communicating areas for improvement in efficiency and productivity Create and maintain rich interactive visualizations through data interpretation and analysis integrating various reporting components from multiple data sources Data mining using advance excel formulas Work closely with …",2026-07-11T07:19:21Z,IT Jobs,1
Data Analyst,Novel Office,"hyderabad, telangana",500000.0,1000000.0,750000.0,"Job description Proactively analyse data using statistical methods to answer key questions from stakeholders or out of self-initiated curiosity with an eye for what drives business performance, investigating and communicating areas for improvement in efficiency and productivity Create and maintain rich interactive visualizations through data interpretation and analysis integrating various reporting components from multiple data sources Data mining using advance excel formulas Work closely with …",2026-07-11T07:19:21Z,IT Jobs,1
Data Analyst,Proof-of-Skill,"mumbai, maharashtra",600000.0,1000000.0,800000.0,"Company Overview Proof-of-Skill is transforming the job market by emphasizing skill-based evaluations. By offering verifiable proof of candidates' skills through expert-reviewed assignments, it aims to make hiring efficient and inclusive. The company operates with a small team, headquartered in Mumbai, in the Technology, Information, and Internet industry. Learn more at proofofskill.org. Job Overview We are seeking a Data Analyst for a full-time role at Proof-of-Skill. This is a remote role. Yo…",2026-05-26T06:36:53Z,IT Jobs,0
Data Analyst,Rockwell Automation,india,500000.0,1000000.0,750000.0,"Rockwell Automation is a global technology leader focused on helping the world’s manufacturers be more productive, sustainable, and agile. With more than 28,000 employees who make the world better every day, we know we have something special. Behind our customers - amazing companies that help feed the world, provide life-saving medicine on a global scale, and focus on clean water and green mobility - our people are energized problem solvers that take pride in how the work we do changes the worl…",2026-05-16T02:25:41Z,IT Jobs,0
Data Analyst,DXC Technology,india,500000.0,1000000.0,750000.0,"Job Description: Responsibilities as the Data/Business Analyst: Analyzing the as-is data structures and mapping to new to-be data structures Writing high quality, testable user stories to ensure that these can be estimated, delivered by developers and used to define test automation and which. Analyzing, understanding and documenting existing system behavior, including data mapping and transformation to support integration design as well as identification of system features and data requirements…",2026-07-16T03:13:00Z,IT Jobs,0
Data Analyst,Extramarks,"noida, ghaziabad",0.0,1000000.0,500000.0,Required Experience · 3 years of relevant technical experience as a data analyst role · Intermediate / expert skills with SQL and basic statistics · Experience in Advance SQL · Python programming- Added advantage · Strong problem solving and structuring skills · Automation in connecting various sources to the data and representing it through various dashboards · Excellent with Numbers and communicate data points through various reports/templates · Ability to communicate effectively internally a…,2022-01-30T04:34:28Z,IT Jobs,4
Data Analyst,Arcana Analytics,india,500000.0,1000000.0,750000.0,"Arcana is a portfolio intelligence platform used by hedge funds and asset managers to analyze performance and risk. We’re rethinking the tools institutional investors rely on—and we’re hiring analysts who want to help drive that transformation. We are looking for a Data Analyst to work with large-scale financial datasets, ensure high data quality, and deliver actionable insights through dashboards and reports. The role focuses on building and maintaining robust data quality frameworks and colla…",2026-01-26T00:36:10Z,IT Jobs,0
Data Analyst,Topcoder,"noida, ghaziabad",500000.0,1000000.0,750000.0,"Position Overview We are seeking a detail-oriented Data Analyst who will ensure that organizational data is accurately transformed, validated, and prepared for downstream consumption. Key Responsibilities Data Transformation & Integration Design, develop, and maintain ETL/ELT pipelines to consolidate data from disparate systems (databases, APIs, flat files) Apply business logic to normalize, enrich, and standardize incoming datasets Data Quality Assurance Implement validation rules and automate…",2026-01-09T00:41:11Z,IT Jobs,1
Data Analyst,Wissen Technology,"mumbai, maharashtra",500000.0,1000000.0,750000.0,"Description of Role: We are looking for a career-minded professional with global perspective to join the Mumbai based Data & Analytics Group (DAG). Key responsibilities: As part of the Data & Analytics Group (DAG) and reporting to the Head of the India DAG locally, the individual is responsible for the following – 1.Review, analyze, and resolve data quality issues for enterprise core data in the IM Data Warehouse. 2.Coordinate with data owners and other teams to identify root-cause of data qual…",2025-05-23T06:51:59Z,IT Jobs,0
Data Analyst,Wipzo Systech Private Limited,"pune, maharashtra",500000.0,1000000.0,750000.0,"Job description Role: Data Analyst Number of open positions: 5 Location: Pune / Gurgaon/ Bengaluru Must-Have: - 6  years of work experience in large-scale Data applications doing Data Analysis, Data Mapping, Data Modelling and Data Transformations . Experience in Snowflake, Any relational DB Very good Verbal & Written communication & tracking skills Strong SQL , business requirement gatherings , S ource-to-target mappings (STTM) writing Should have exposure to data consolidation, transformation…",2026-06-12T06:50:30Z,IT Jobs,2
Data Analyst,Stellaspire,"bangalore, karnataka",500000.0,1000000.0,750000.0,"Designation - Data Analyst (2years’ Experience) Location - Bangalore Position - Full-Time (No Hybrid) About Us AI ML Startup set up in 2015 which is in the domain of power, banking, agriculture sector etc. and working directly with Karnataka Govt to offer insights and decisions. Company website: - https://quenext.com/ You will be part of the team that is delivering large transformational projects to energy utilities, banks and government bodies utilizing our in-house patented AI driven products…",2025-08-08T17:22:09Z,IT Jobs,0
Data Analyst,Colruyt IT Consultancy India,"coimbatore, tamil nadu",500000.0,1000000.0,750000.0,"Job Summary: We are seeking a highly skilled Senior Data Analyst with8-10 years of experience to join our dynamic team. The ideal candidate will utilize their expertise in data analysis, visualization, and business intelligence to support data-driven decision-making across the organization. You will be responsible for transforming data into actionable insights that drive business strategies and improve operational efficiency. Key Responsibilities: Data Collection & Preparation: - Collect, clean…",2026-07-23T07:24:16Z,IT Jobs,0
Data Analyst,Colruyt IT Consultancy India,"hyderabad, telangana",500000.0,1000000.0,750000.0,"Job Summary: We are seeking a highly skilled Senior Data Analyst with8-10 years of experience to join our dynamic team. The ideal candidate will utilize their expertise in data analysis, visualization, and business intelligence to support data-driven decision-making across the organization. You will be responsible for transforming data into actionable insights that drive business strategies and improve operational efficiency. Key Responsibilities: Data Collection & Preparation: - Collect, clean…",2026-07-23T07:24:16Z,IT Jobs,0
Data Analyst,Jobgether,india,500000.0,1000000.0,750000.0,"This position is listed on behalf of a partner company, who manages all applications and next steps. Our partner is looking for a Data Analyst based in India. This role is an excellent opportunity to drive business decisions through data, analytics, and automation. You will work closely with technical and business stakeholders to develop dashboards, optimize reporting systems, and build scalable data solutions that improve operational performance. Combining business intelligence, AI, and cloud …",2026-07-25T03:14:16Z,IT Jobs,1
Data Analyst,ICAD school of Learning,"nagpur, maharashtra",500000.0,800000.0,650000.0,"Job Summary The Data Analyst is required to Data capture, data cleaning, data preparation, data management and data analysis and interpretations required by the Business. Handle data factory with precision and confidentiality. The role is crucial for providing actionable insights to improve teaching quality, enhance student performance, optimize business operations, and drive growth. Essential Job Responsibilities: Academic Data Analysis · Analyze student performance data from internal assessme…",2025-09-02T07:56:40Z,IT Jobs,0
Data Analyst,Gainwell Technologies,"bangalore, karnataka",500000.0,1000000.0,750000.0,"Summary As a Data Analyst at Gainwell, you will contribute your skills as we harness the power of technology. Connect your passion with purpose by contributing to a team that plays a crucial role in supporting our financial analysis and reporting needs. You will build new reports, monitor key financial metrics, and provide insights to assist management in decision-making. This role is strictly involved in business analysis, requirements documentation, and healthcare reference data support activ…",2026-07-20T16:01:25Z,IT Jobs,0
Data Analyst,Equitas Small Finance Bank,india,500000.0,1000000.0,750000.0,"Role Overview We are looking for a detail?oriented Data Analytics & Exception Monitoring Analyst to support data?driven decision?making, proactively identify exceptions, and work closely with technical teams to resolve system issues and drive continuous improvements. The role combines data analysis, dashboarding, exception tracking, and coordination on technical fixes , making it ideal for candidates with strong analytical skills and hands?on experience in Excel, SQL, and Power BI.",2026-05-09T01:58:47Z,IT Jobs,3
Data Analyst,Technogen,"bangalore, karnataka",500000.0,1000000.0,750000.0,Job Code : JPC – 36740 We are looking for a creative data analyst who has strong experience in both data visualization and data workflow construction Analyst must be proficient in both Hadoop and Alteryx (Hadoop certification required) Analyst must have experience working with senior leadership to both comprehend and produce desired outputs Experience building Hadoop dashboards showing multiple visual views of performance with easy drill down capability Preferred candidate will be well versed i…,2025-12-01T22:55:55Z,IT Jobs,2
Data Analyst,Clinton Health Access Initiative,"bhopal, madhya pradesh",300000.0,400000.0,350000.0,"The Clinton Health Access Initiative, Inc. (CHAI) is a global health organization committed to saving lives and reducing the burden of disease in low-and middle-income countries, while strengthening the capabilities of governments and the private sector in those countries to create and sustain high-quality health systems that can succeed without our assistance. For more information, please visit: http://www.clintonhealthaccess.org In India, CHAI has worked on various initiatives with the Nation…",2024-12-25T11:57:39Z,Admin Jobs,0
Data Analyst,Space Stem,"ahmedabad, gujarat",500000.0,1000000.0,750000.0,"Skills SQL knowledge for data querying and manipulation. Experience in retail, loyalty, e-commerce, or customer analytics environments. Familiarity with ETL processes and data pipeline concepts. Exposure to custom dashboard development or modern BI platforms. Basic understanding of JavaScript, APIs, or cloud-based analytics solutions. Essential 2–5 years of experience in a Data Analyst, BI Analyst, or Reporting Analyst role. Advanced Microsoft Excel skills (pivot tables, complex formulas, model…",2026-07-16T15:11:19Z,IT Jobs,3
Data Analyst,Mantras2Success,"ahmedabad, gujarat",500000.0,1000000.0,750000.0,"Job Description: Position Summary: We are seeking a meticulous and skilled MIS/data analyst to join our team. The ideal candidate will be proficient in advanced Excel and Google Sheets, adept at using complex formulas, and capable of transferring data from CRM software such as Skynamo, Freshsales, and Xero into Google Sheets. The role involves creating insightful dashboards and revenue models to support data-driven decision-making. Key Responsibilities: Data Management: Transfer and manage data…",2026-05-14T02:05:21Z,IT Jobs,2
Data Analyst,Scopely,india,500000.0,1000000.0,750000.0,"Scopely is looking for a Data Analyst to join Bingo Bash team in Bangalore on a hybrid basis! At Scopely, we care deeply about what we do and want to inspire play, every day - whether in our work environments alongside our talented colleagues, or through our deep connections with our communities of players. We are a global team of game lovers who are developing, publishing and innovating the mobile games industry, connecting millions of people around the world daily. Bingo Bash is a highly inte…",2026-06-18T03:18:12Z,IT Jobs,0
Data Analyst,ComCap Holdings LLC,india,500000.0,1000000.0,750000.0,"This position is suitable for someone with 3-4 years of data analysis experience, specifically who also has experience with contact sourcing and email verification, as well as HubSpot database management tools. Duties and responsibilities: 1. Gathering relevant company contact information, such as email addresses, job titles, and external and URLs (i.e. LinkedIn), for cold outreach and marketing campaigns 2. Ensuring 100% data quality and accuracy, meticulously verifying the accuracy of the dat…",2025-12-25T00:33:35Z,"PR, Advertising & Marketing Jobs",0
Data Analyst,DAZN,"hyderabad, telangana",500000.0,1000000.0,750000.0,"Is your next career move to work in a team which uses data, reporting and analytical skills to help answer business questions to make DAZN a data-driven company? DAZN is a tech-first sport streaming platform that reaches millions of users every week. We are challenging a traditional industry and giving power back to the fans. Our new Hyderabad tech hub will be the engine that drives us forward to the future. We’re pushing boundaries and doing things no-one has done before. Here, you have the op…",2023-06-18T16:46:34Z,IT Jobs,0
Data Analyst,Immunogen Pharmaceutical,"bangalore, karnataka",500000.0,1000000.0,750000.0,"About Immunogen Targeting a better life for people with cancer is why we get up in the morning. It’s not enough to disrupt the progress of someone’s cancer; we want to keep cancer from disrupting someone’s life. That’s why everything we do is about developing the most precise, targeted cancer therapies. We believe this is the best way to get people back to their lives – back to living today, tomorrow, and beyond. For us, targeting a better now is the only thing that matters. About the role Canc…",2024-07-31T03:15:22Z,IT Jobs,0
Data Analyst,Easemytrip com,"navi mumbai, maharashtra",500000.0,1000000.0,750000.0,"About the Role As a Data Analyst at EaseMyTrip.com, you will be crucial in analyzing travel data to drive business insights and decisions. Your role involves harnessing large sets of data to identify trends, forecast demand, and optimize our services to enhance customer satisfaction. You will collaborate closely with various departments, including marketing, sales, and customer service, to support our mission of delivering exceptional travel experiences. This position is key to driving data-dri…",2026-07-11T07:17:33Z,IT Jobs,0
Data Analyst,Amagi Media Labs,"bangalore, karnataka",1000000.0,2000000.0,1500000.0,"Data Analyst Job Description Summary Are you passionate about handling large & complex data problems, want to make an impact and have the desire to work on ground-breaking big data technologies? Then we are looking for you. At Amagi, great ideas have a way of becoming great products, services, and customer experiences very quickly. Bring passion and dedication to your job and there's no telling what you could accomplish. Would you like to work in a fast-paced environment where your technical ab…",2022-01-21T04:29:35Z,IT Jobs,0
Data Analyst,Delhivery,"gurgaon, haryana",500000.0,1000000.0,750000.0,"Role & Responsibilities: Utilize SQL to query, extract, and manipulate large datasets from relational databases to generate insightful reports and analyses. Use Python for data analysis, data cleaning, and automation tasks, including libraries like Pandas, NumPy, and Matplotlib. Create and maintain interactive dashboards and visualizations using tools like Tableau , Power BI , or similar. Conduct statistical analysis to identify trends, patterns, and insights in large datasets. Work with busine…",2026-07-01T07:15:56Z,IT Jobs,6
Data Analyst,Coupand,"bangalore, karnataka",500000.0,1000000.0,750000.0,"Company Introduction We exist to wow our customers. We know we’re doing the right thing when we hear our customers say, “How did I ever live without Coupang?” Born out of an obsession to make shopping, eating, and living easier than ever, we’re collectively disrupting the multi-billion-dollar e-commerce industry from the ground up. We are one of the fastest-growing e-commerce companies that established an unparalleled reputation for being a dominant and reliable force in South Korean commerce. …",2026-06-29T02:43:50Z,IT Jobs,0
Data Analyst,Epsilon,"bangalore, karnataka",500000.0,1000000.0,750000.0,"Overview About Business Unit: The Automotive Practice at Epsilon is a rapidly growing team, driving growth for major players in the automotive industry - from Original Equipment Manufacturers (OEMs) to dealerships across North America. Part of a 1,600-member multinational team, the practice provides the automotive world’s largest service reminder platform, alongside agency services and digital media solutions. A leader in the automotive space, the team supports over 50% of auto dealerships in N…",2026-07-06T15:04:16Z,IT Jobs,0
Data Analyst,Ameriprise,india,500000.0,1000000.0,750000.0,"About Our Company Ameriprise India LLP has been providing client based financial solutions to help clients plan and achieve their financial objectives for 20 years. We are part of Ameriprise Financial Inc., a US financial planning company headquartered in Minneapolis with a global presence and diversified financial services leader with more than $1.5 trillion in assets under management, administration and advisement as of year-end 2024. The firm’s focus areas include Asset Management and Advice…",2026-07-18T03:10:17Z,Accounting & Finance Jobs,0
Data Analyst,Hudson Data,india,900000.0,1200000.0,1050000.0,"About Hudson Data At Hudson Data, we view AI as both an art and a science. Our cross-functional teams — spanning business leaders, data scientists, and engineers — blend AI/ML and Big Data technologies to solve real-world business challenges. We harness predictive analytics to uncover new revenue opportunities, optimize operational efficiency, and enable data-driven transformation for our clients. Beyond traditional AI/ML consulting, we actively collaborate with academic and industry partners t…",2026-01-18T10:53:59Z,IT Jobs,0
Data Analyst ||,Diversey,"hyderabad, telangana",500000.0,1000000.0,750000.0,"Solenis is a leading global provider of water and hygiene solutions. The company’s product portfolio includes a broad array of water treatment chemistries, process aids, functional additives, cleaners, disinfectants, and state-of-the-art monitoring, control and delivery systems. These technologies are used by customers to improve operational efficiencies, enhance product quality, protect plant assets, minimize environmental impact, and create cleaner and safer environments. Headquartered in Wil…",2026-07-14T03:23:44Z,Accounting & Finance Jobs,0
Data Analyst,CONTUS TECH,"chennai, tamil nadu",500000.0,1000000.0,750000.0,"Required Skills: Bachelor s degree in Computer Science, Engineering or Information Technology. Minimum of 5 year s experience in Business Intelligence or Information Management Advanced SQL skills Strong communication skills across all mediums and audience types (technical, business, executive, etc.) Have a keen eye for visual aesthetics Passion for data analysis and solving problems with data Strong analytical mind-set and ability to use data and logic to create solutions to solve customer pro…",2026-06-11T06:55:02Z,IT Jobs,2
Data Analyst,Cohere Health,"hyderabad, telangana",500000.0,1000000.0,750000.0,"Opportunity Overview: We are seeking a highly analytical, detail-oriented, and results-driven Data Analyst to join our dynamic Payment Integrity team. This role is critical in transforming complex healthcare claims, provider, operational, and financial data into actionable insights that improve business performance, optimize audit outcomes, and drive operational excellence. The ideal candidate will be highly skilled at uncovering patterns in data, connecting the dots across multiple data source…",2026-07-12T03:18:11Z,Accounting & Finance Jobs,1
Data Analyst,Barclays,india,500000.0,1000000.0,750000.0,"Job Description Purpose of the role To develop, implement, and maintain effective governance frameworks for all data and records across the bank's global operations. Accountabilities Development and maintenance of a comprehensive data and records governance framework aligned with regulatory requirements and industry standards. Monitoring data quality and records metrics and compliance with standards across the organization. Identification and addressing of data and records management risks and …",2026-07-24T03:22:13Z,IT Jobs,0
Data Analyst,Bajaj Finance,india,500000.0,1000000.0,750000.0,"Job Purpose Responsible for analyzing, transforming, and deriving insights from large-scale data using Databricks and modern data stack technologies. Designs and executes data pipelines using SQL and PySpark on Databricks, leveraging Unity Catalog for data governance and management. Collaborates with cross-functional teams to build data models, perform exploratory analysis, and deliver actionable insights. Optimizes queries on SQL Warehouses, integrates external APIs where needed, and ensures d…",2026-06-21T02:36:21Z,IT Jobs,2
Data Analyst,Target,"bangalore, karnataka",500000.0,1000000.0,750000.0,"About the Role Join the Data Analytics (DA) team at TII across domains such as Marketing and Digital, Merchandising, Supply Chain and Logistics, Store Operations, Finance and more . Here you'll collaborate with business leaders to turn data into insights that drive strategic decisions. You'll be part of a fast-moving, high-impact environment focused on leveraging business intelligence and advanced analytics to solve real-world problems. This role combines technical expertise with business under…",2026-07-25T10:49:02Z,IT Jobs,0
Data Analyst,WPP Production,"chennai, tamil nadu",500000.0,1000000.0,750000.0,"About WPP Production We are WPP Production - the unified global production company that brings together all of WPP's content producers, studios and craft experts into one connected organisation. We combine world-class human craft with next generation technology to originate, design, and deliver multi-channel content systems at scale. Built for borderless collaboration and powered by deep craft expertise, we are the production engine designed for today's always on, AI driven marketing world. Abo…",2026-07-10T21:10:41Z,IT Jobs,0
Data Analyst,The Smart Cube,"noida, ghaziabad",200000.0,500000.0,350000.0,"• Act as a lead analyst on various data analytics projects aiding strategic decision making for Fortune 500 / FTSE 100 companies, Blue Chip Consulting Firms and Global Financial Services companies • Understand the client objectives, and work with the PL to design the analytical solution/framework. Be able to translate the client objectives / analytical plan into clear deliverables with associated priorities and constraints • Collect/Organize/Prepare/Manage data for the analysis and conduct qual…",2019-06-20T23:29:15Z,IT Jobs,0
Data Analyst,Falcon Autotech,"noida, ghaziabad",400000.0,700000.0,550000.0,"Strong analytical skills with the ability to collect, organize, analyze, and disseminate significant amounts of information with attention to detail and accuracy Expertise of SQL/PL-SQL -ability to write procedures and create queries for reporting purpose. Must have worked on a reporting tool – Power BI/Tableau etc. Strong knowledge of excel/Google Sheets – must have worked with pivot tables, aggregate functions, logical if conditions. Strong verbal and written communication skills for coordina…",2022-03-08T05:06:27Z,IT Jobs,6
Data Analyst,Marktine,"bangalore, karnataka",0.0,1500000.0,750000.0,"Immediate Joiners Preferred NOTE: Working Shift: 11 am - 8 pm IST (/- one hour on need basis) Monday to Friday Responsibilities : 1. Leverage Alteryx to build, maintain, execute and deliver data assets. This entails using data analytics tools (combination of proprietary tools, Excel, and scripting), validating raw data quality, and working with Tableau/ Power BI and other geospatial data visualization applications 2. Analyze large data sets in Alteryx, finding patterns and providing a concise s…",2021-05-11T13:01:41Z,IT Jobs,4
Data Analyst,QAgile Services,india,300000.0,500000.0,400000.0,"Microsoft Fabric, Power BI, Data modelling, ETL, Spark SQL Remote work- 5-7 hours 450 Rs hourly charges Skills:- PowerBI, Data modeling, ETL, Spark, SQL and ELT",2026-01-31T11:30:48Z,IT Jobs,4
Data Analyst,Jobdost,"mangalore, dakshin kannada",800000.0,1000000.0,900000.0,"Who is an ideal fit for us? We seek professionals who are analytical, demonstrate self-motivation, exhibit a proactive mindset, and possess a strong sense of responsibility and ownership in their work. What will you get to work on? As a member of the Implementation & Analytics team, you will: ● Design, develop, and optimize complex SQL queries to extract, transform, and analyze data ● Create advanced reports and dashboards using SQL, stored procedures, and other reporting tools ● Develop and ma…",2025-12-01T04:52:26Z,IT Jobs,1
Data Analyst,Vector Labs Tech,india,1200000.0,2100000.0,1650000.0,"Responsibilities: Data Collection and Preparation: Gather data from various sources, including databases, spreadsheets, and APIs. Clean, validate, and transform data to ensure accuracy and consistency. Develop and maintain data pipelines for efficient data processing. Data Analysis and Interpretation: Analyze large datasets to identify trends, patterns, and correlations. Perform statistical analysis and hypothesis testing to validate findings. Develop and implement data models and algorithms to…",2025-03-26T06:46:55Z,IT Jobs,0
Data Analyst,Intercept Pharmaceuticals,"bangalore, karnataka",500000.0,1000000.0,750000.0,"About Intercept Pharmaceuticals Intercept Pharmaceuticals, Inc. is an American biopharmaceutical company incorporated in 2002, focusing on the development of novel synthetic bile acid analogs to treat chronic liver diseases, such as primary biliary cirrhosis (PBC) now called primary biliary cholangitis, non-alcoholic fatty liver disease (or non-alcoholic steatohepatitis , NASH), cirrhosis , portal hypertension , primary sclerosing cholangitis and also the intestinal disorder, bile acid diarrhea…",2024-07-31T03:18:00Z,Scientific & QA Jobs,0
Data Analyst,Indium Software,"bangalore, karnataka",100000.0,1500000.0,800000.0,"2 years of Analytics with predominant experience in SQL, SAS, Statistics, R , Python, Visualization Experienced in writing complex SQL select queries ( window functions & CTE’s) with advanced SQL experience Should be an individual contributor for initial few months based on project movement team will be aligned Strong in querying logic and data interpretation Solid communication and articulation skills Able to handle stakeholders independently with less interventions of reporting manager Develo…",2022-11-11T06:35:47Z,IT Jobs,5
Data Analyst,Millions Advisory,"pune, maharashtra",500000.0,1700000.0,1100000.0,"Must have 5-8 years of experience in handling data Must have the ability to interpret large amounts of data and to multi-task Must have strong knowledge of and experience with programming (Python), Linux/Bash scripting, databases(SQL, etc) Must have strong analytical and critical thinking to resolve business problems using data and tech Must have domain familiarity and interest of – Cloud technologies (GCP/Azure Microsoft/ AWS Amazon), open-source technologies, Enterprise technologies Must have…",2024-12-25T11:57:34Z,IT Jobs,5
Data Analyst,Jobdost,"delhi, india",100000.0,600000.0,350000.0,"What you will do: Understand the process of CaaStle business teams, KPIs, and pain points Build scalable data products, self-service tools, data cubes to analyze and present data associated with acquisition, retention, product performance, operations, client services, etc. Closely partner with data engineering, product, and business teams and participate in requirements capture, research design, data collection, dashboard generation, and translation of results into actionable insights that can …",2023-10-02T13:22:26Z,"Energy, Oil & Gas Jobs",0
Data analyst,Cadila Zydus healthcare pvt ltd,india,700000.0,1000000.0,850000.0,"Interpret data, analyze results using statistical techniques and provide ongoing reports Develop and implement databases, data collection systems, data analytics and other strategies that optimize statistical efficiency and quality Acquire data from primary or secondary data sources and maintain databases/data systems Identify, analyze, and interpret trends or patterns in complex data sets Filter and “clean” data by reviewing computer reports, printouts, and performance indicators to locate and…",2024-01-28T15:26:17Z,IT Jobs,0
Data Analyst,Azent Overseas,"mumbai, maharashtra",0.0,700000.0,350000.0,"Data auditing, validating and monitoring all data for accuracy. Create daily, weekly, monthly and quarterly MIS report. Coordinating & collecting the data Updated the data in CRM Skills:- Microsoft Excel",2021-08-21T21:23:03Z,Accounting & Finance Jobs,1
Data Analyst,Impact Guru,"mumbai, maharashtra",300000.0,900000.0,600000.0,"Experience - 2 years to 5 years. Location - Andheri (Mumbai) Job Responsibilities: Excellent problem solving and analytical skills - ability to develop hypotheses, understand and interpret data within the context of the product / business - solve problems and distill data into actionable recommendations.  Strong communication skills with the ability to confidently work with cross- functional teams across the globe and to present information to all levels of the organization.  Intellectual and…",2021-07-28T21:11:50Z,IT Jobs,2
Data Analyst,Ayoconnect Technology,india,400000.0,1000000.0,700000.0,"Responsible for gathering, crunching, collecting raw data. Own all data needs in the growth team and across key cross-functional initiatives from data extraction, dashboard creation, and data analysis. Provide insights and recommended actions as response to current situation, trend, as well as preventive one for better preparation. Collaborate with data engineering and cross-functional stakeholders to define data requirements, create dashboard, to drive business decisions and optimize business …",2021-12-30T04:23:05Z,IT Jobs,0
Data Analyst,Srijan Technologies,india,0.0,1200000.0,600000.0,"Role Description: You will be part of the data delivery team and will have the opportunity to develop a deep understanding of the domain/function. You will design and drive the work plan for the optimization/automation and standardization of the processes incorporating best practices to achieve efficiency gains. You will run data engineering pipelines, link raw client data with data model, conduct data assessment, perform data quality checks, and transform data using ETL tools. You will perform…",2022-04-05T05:16:09Z,IT Jobs,1
Data Analyst,MedCords,"kota, rajasthan",0.0,250000.0,125000.0,"Required Python ,R work in handling large-scale data engineering pipelines. Excellent verbal and written communication skills. Proficient in PowerPoint or other presentation tools. Ability to work quickly and accurately on multiple projects. Skills:- R Language and Python",2021-11-11T04:22:56Z,IT Jobs,3
Data Analyst,Ingrainhub,"bangalore, karnataka",300000.0,1200000.0,750000.0,"Good knowledge of SQL , Microsoft Excel One Programming language in SAA/Python or R Skills: R Programming, Python and MS-Excel",2019-06-05T21:12:09Z,IT Jobs,4
Data Analyst,TechNex Technologies Private Limited,"pune, maharashtra",500000.0,1000000.0,750000.0,"Good Opportunity to work with an IT Company. Can Learn new things with out any experience. And many other good thing. Skills: MS Office, Typing and English Proficiency",2019-05-17T21:02:48Z,Admin Jobs,0
Data Analyst,PayU,"gurgaon, haryana",700000.0,1500000.0,1100000.0,"What you will be doing: As a part of the Global Credit Risk and Data Analytics team, this person will be responsible for carrying out analytical initiatives which will be as follows: - Dive into the data and identify patterns Development of end-to-end Credit models and credit policy for our existing credit products Leverage alternate data to develop best-in-class underwriting models Working on Big Data to develop risk analytical solutions Development of Fraud models and fraud rule engine Collab…",2019-11-27T10:00:27Z,IT Jobs,0
Data Analyst,Dotball Interactive Private Limited,"bangalore, karnataka",300000.0,600000.0,450000.0,"- Excellent skill in SQL and SQL tools - Fantasy Gamer - Excited to dive deep into data and derive insights - Decent communication and writing skills - Interested in Automated solutions - Startup and Growth Mindset - Analytical Data mining thinking - Python - Good programmer Skills: Python, Data Analytics and SQL server",2019-06-20T21:36:33Z,IT Jobs,4
Data Analyst,Grubbrr systems Pvt Ltd,"ahmedabad, gujarat",300000.0,900000.0,600000.0,"Job Responsibility: * Coordinate with CSMs to complete Pilot sales tracker, QBR Decks, End of pilot Decks *Monitor Daily Sales volume and alert CSMs of Locations with Low volume counts *Collaborate with other teammates to extract data figures, data entry (Google Sheets & Google Slides), and monitor key performance indicators (KPIs) to determine business initiatives’ success *Helping in Minor Integration Changes *Helping with Tickets and giving support when required * Basic product knowledge of …",2024-04-26T16:15:16Z,IT Jobs,1
Data Analyst,zyoin,"bangalore, karnataka",500000.0,2100000.0,1300000.0,"Location: Bangalore Work Timing: 5 Days A Week Responsibilities include: • Ensure right stakeholders gets right information at right time • Requirement gathering with stakeholders to understand their data requirement • Creating and deploying reports • Participate actively in datamarts design discussions • Work on both RDBMS as well as Big Data for designing BI Solutions • Write code (queries/procedures) in SQL / Hive / Drill that is both functional and elegant, following appropriate design patt…",2021-10-26T04:51:56Z,IT Jobs,1
Data Analyst,CIEL HR Services,"bangalore, karnataka",0.0,1500000.0,750000.0,"Analytical tool: Redpoint Research and drawing insights Excellent written, oral and presentation skill Critical thinking and problem-solving skill Applications: SQL, Redpoint Description: Create unique fleet rich database using multi step matching rules Critical thinking in identifying record survivor ship rules for identifying master record Data roll-up at different levels, by providing linkage across databases Learn issues clients are currently facing with their dataset Foresee the problems i…",2021-11-18T04:24:02Z,IT Jobs,2
Data Analyst,Talent500 by ANSR,"bangalore, karnataka",1000000.0,3000000.0,2000000.0,"Primary Duties and Responsibilities Experience with Informatica Multidomain MDM 10.4 tool suite preferred Partnering with data architects and engineers to ensure an optimal data model design and implementation for each MDM domain in accordance with industry and MDM best practices Works with data governance and business steward(s) to design, develop, and configure business rules for data validation, standardize, match, and merge Implementation of Data Quality policies, procedures and standards a…",2022-12-26T06:16:30Z,IT Jobs,0
Data Analyst,Beauto Systems Private Limited,india,100000.0,500000.0,300000.0,"Knowledge of database languages such as SQL, NoSQL, AWS services, linux or Python Knowledge in PowerBI Good to have knowledge in Kibana (visualization) and Kibana Development tools Analytical and problem-solving skills Proficiency in Microsoft Excel Data visualization (simple aggregation-based charts to complex geo-based visualizations) Accuracy and excellent attention to detail Strong written/verbal communication skills Qualifications and Experience 3 years’ experience in Data Analysis or rele…",2022-06-02T06:13:33Z,IT Jobs,6
Data Analyst,Yulu Bikes,"bangalore, karnataka",700000.0,1200000.0,950000.0,"Skill Set SQL, Python, Numpy,Pandas,Knowledge of Hive and Data warehousing concept will be a plus point. JD - Strong analytical skills with the ability to collect, organise, analyse and interpret trends or patterns in complex data sets and provide reports & visualisations. - Work with management to prioritise business KPIs and information needs Locate and define new process improvement opportunities. - Technical expertise with data models, database design and development, data mining and segmen…",2020-01-25T17:57:23Z,IT Jobs,4
Data Analyst,Humanitus Learning Science and Consultancy Pvt Limited,india,500000.0,700000.0,600000.0,"What You’ll Do Synthesize data to provide actionable insights to the leadership and the product team to influence strategy and growth. Build dashboards and tools, craft analysis, and tell stories with data to help our teams make better decisions. Track user performance data and map it to key learning metrics for deeper insights Monitor the performance of new features and recommend iterations based on your findings Partner with other stakeholders to scope features that solve user problems Owners…",2022-01-18T04:28:04Z,IT Jobs,0
Data Analyst,Rocket Kommerce,"bangalore, karnataka",500000.0,800000.0,650000.0,"Rocket Kommerce LLP: We are a Bangalore-based top-tier stealth-mode e-commerce enabling technology & solutions company powering several brands and leading e-commerce companies in India. Our product is a Cloud-based SaaS Inventory, Warehouse Management & Omni-Channel Solution. We have deep relationships with leading e-commerce companies in India and have processed over Rs 1500 crore of GMV. We are building out our product and technology platform and other services anticipating HUGE demand over n…",2019-06-05T21:12:28Z,IT Jobs,0
Data Analyst,Talent Pro,"mumbai, maharashtra",800000.0,1200000.0,1000000.0,"Must have Strong SQL skills (queries, optimization, procedures, triggers), Hands-on experience with SQL, Automated through SQL. Looking for candidates having 2 years experience who has worked on large datasets with 1cr. datasets or more. Handling the challenges and breaking. Must have Advanced Excel skills Should have 3 years of relevant experience Should have Reporting  dashboard creation experience Should have Database development & maintenance experience Must have Strong communication for cl…",2026-01-29T11:29:14Z,IT Jobs,3
Data Analyst,Pluginlive,"mumbai, maharashtra",1000000.0,2000000.0,1500000.0,"About the company DCB Bank is a new generation private sector bank with 442 branches across India.It is a scheduled commercial bank regulated by the Reserve Bank of India. DCB Bank’s business segments are Retail banking, Micro SME, SME, mid-Corporate, Agriculture, Government, Public Sector, Indian Banks, Co-operative Banks and Non-Banking Finance Companies. Job Description Department : Risk Analytics CTC: Max 18 Lacs Grade: Sr Manager/AVP Experience: Min 4 years of relevant experience We are lo…",2024-09-24T11:44:30Z,Accounting & Finance Jobs,0
Data Analyst,Stanza Living,india,600000.0,900000.0,750000.0,"Who we are: Stanza Living is India’s largest and fastest growing tech-enabled, managed accommodation company that delivers a hospitality-led living experience to migrant students and young working professionals across India. We have a full-stack business model that focuses on design, development and delivery of daily living solutions tailored to the young consumers’ lifestyle. From smartly-planned residences, host of amenities and services for hassle-free living to exclusive community engagemen…",2023-11-03T14:48:03Z,IT Jobs,0
Data Analyst,Peak Hire Solutions,"bangalore, karnataka",800000.0,1100000.0,950000.0,"Required Skills: Strong SQL Expertise, Data Reporting & Analytics, Database Development, Stakeholder & Client Communication, Independent Problem-Solving & Automation Skills Review Criteria · Must have Strong SQL skills (queries, optimization, procedures, triggers) · Must have Advanced Excel skills · Should have 3 years of relevant experience · Should have Reporting  dashboard creation experience · Should have Database development & maintenance experience · Must have Strong communication for cli…",2025-12-07T05:40:05Z,IT Jobs,3
Data Analyst,Fisdom,"bangalore, karnataka",100000.0,100000.0,100000.0,"Background Fisdom is a leading digital wealth management platform. Fisdom platform (mobile apps and web apps) provides access to consumers to a wide bouquet of financial solutions – investments, savings and protection (and many more in the pipeline). Fisdom blends cutting-edge technology with conventional financial wisdom, awesome UX and friendly customer service to make financial products simpler and more accessible to millions of Indians. We are growing and constantly looking for high perform…",2025-07-21T05:27:56Z,IT Jobs,0
Data Analyst,Lloyds Bank,india,500000.0,1000000.0,750000.0,"End Date Sunday 30 August 2026 We Support Flexible Working – Click here for more information on flexible working options Flexible Working Options Hybrid Working Job Description Summary Provides high quality inputs into the Data & AI strategy ensuring alignmnet between Business and Group Data & AI strategies. Coordinating and collaborating to create core materials digestable by the Group. Job Description Must have Skill - PowerBI, SQL, Group Data Warehouse, and ETL/reporting from Genesys Cloud Y…",2026-05-17T02:02:18Z,IT Jobs,2
Data Analyst,EXL,india,500000.0,1000000.0,750000.0,"Description Header Description Role Description This role sits within the Risk & Compliance Product Team, working closely with the Data Discovery team. The Data Discovery team builds datasets/tables, and this role is responsible for validating those outputs before they are consumed by product use cases Location Gurgaon ( 3 days in office withno exceptions ) Experience 4-8 Years Start Date Immediate Must-Have Skills Strong SQL expertise (mandatory) Experience in Banking / Financial Services doma…",2026-05-18T02:13:56Z,IT Jobs,1
Data Analyst,Tap Invest,"bangalore, karnataka",300000.0,500000.0,400000.0,"As an Analyst at Tap Invest, you’ll turn data into decisions. You’ll work with teams across Product, Ops, Marketing, and Sales to uncover insights, solve real business problems, and drive strategy. This role is for someone who is comfortable working with data independently and can support business teams with reliable analysis and reporting. Key Responsibilities ● Gather, organize, and clean data from various sources including databases, spreadsheets, and external sources to ensure accuracy and …",2026-05-01T11:45:52Z,IT Jobs,0
Data Analyst,Guidehouse,india,500000.0,1000000.0,750000.0,"Job Family : EBO Management Information System (India) Travel Required : None Clearance Required : None What You Will Do : Contribute & Manage backend PMO activities (Timesheet Management, Invoice Oversight, SubK & Roster Management, Laptop/Resource Management, Expenses, EDSP & other Compliance Requirements), including project documentation, governance, and compliance tracking Develop and maintain advanced reports and dashboards using MS Excel and Power BI to deliver actionable insights Perform…",2026-06-07T02:18:45Z,IT Jobs,2
Data Analyst,Clarivate,"bangalore, karnataka",500000.0,1000000.0,750000.0,"Overview: Join a dynamic, fast-growing team focused on healthcare data analytics. Work with large healthcare data assets to understand, manipulate, and deliver insights. Role and Responsibilities: Apply quantitative problem-solving and qualitative research to address questions in the pharmaceutical and medical device industries. Collaborate with cross-functional teams including RWD domain experts, developers, analysts, and scientists. Serve as a key client contact, maintaining strong relationsh…",2026-06-12T06:53:55Z,IT Jobs,0
Data Analyst,Jsw Steel,"mumbai, maharashtra",500000.0,1000000.0,750000.0,"Focus on improving processes and strategies within organizations, by analyzing data, provide actionable insights to help stakeholders make informed decisions Drive growth and bring-in business efficiency Bridge the gap between business needs and technical solutions Assist organization understand preferences and behaviors, leading to improved products, services, and engagement strategies Enable innovation by providing insights that guide the development of new products, technologies, and busines…",2026-06-13T08:45:55Z,IT Jobs,0
Data Analyst,Caratlane,"pune, maharashtra",500000.0,1000000.0,750000.0,"Responsibilities: Understanding the reporting requirements and provide valuable advice Continuous optimization and automation of reporting, further development of reporting tools, active management of the reporting portfolio Creation of assigned reports in time and quality Collaboration with international teams Requirements: Must have: Expertise with PowerBI/Tableau or SAP Analytics Cloud (SAC) Expertise with Microsoft Excel, Access, Powerpoint VBA programming skills for Microsoft Excel and Acc…",2026-06-24T07:23:38Z,IT Jobs,3
Data Analyst,Techcom Solutions India Private Limited,"bangalore, karnataka",500000.0,1000000.0,750000.0,"Strong proficiency in SQL for data querying and analysis • Hands-on experience with Python for data analysis • Solid understanding of data modeling concepts • Experience working with BigQuery, Airflow, PySpark, and Git Good to Have • Experience with Excel / Google Sheets for analysis and validation • Exposure to BI tools such as Power BI, Tableau, or Looker • Working knowledge of statistics and analytical techniques • Familiarity with advanced analytics (regression, forecasting, experimentation…",2026-06-27T07:32:41Z,IT Jobs,9
Data Analyst,Cognizant,"kolkata, west bengal",500000.0,1000000.0,750000.0,Job Summary We are seeking an experienced Lead Data Engineer with 8 to 12 years of expertise in Snowflake Machine Learning Python and SQL scripting. The role involves analyzing complex datasets deriving actionable insights and contributing to data-driven decision-making in a hybrid work model with day shifts. Responsibilities Analyze large and complex datasets to identify trends patterns and actionable insights that align with business objectives Develop and maintain scalable data pipelines usi…,2026-06-27T14:58:11Z,IT Jobs,3
Data Analyst,Tribute Technology,"hyderabad, telangana",500000.0,1000000.0,750000.0,"ABOUT TRIBUTE TECHNOLOGY: At Tribute Technology, we make end-of-life celebrations memorable, meaningful, and effortless through thoughtful and innovative technology solutions. Our mission is to help communities around the world celebrate life and pay tribute to those we love. Our comprehensive platform brings together software and technology to provide a fully integrated experience for all users, whether that is a family, a funeral home, or an online publisher. We are the market leader in the U…",2026-06-29T02:40:35Z,IT Jobs,0
Data Analyst,Tech Smcsquared Gcc,"bangalore, karnataka",500000.0,1000000.0,750000.0,"Roles and Responsibilities Perform quantitative and qualitative data analysis using SQL and other tools to uncover patterns, trends, and actionable insights. Translate complex datasets into meaningful business insights, addressing the so-what and what-if questions to guide decision-making. Prepare clear, concise, and insightful reports, presentations, and dashboards for stakeholders. Collaborate with cross-functional teams to understand business needs and provide data-driven recommendations. Ma…",2026-07-02T07:18:36Z,IT Jobs,1
Data Analyst,UnitedHealth Group,"noida, ghaziabad",500000.0,1000000.0,750000.0,"Requisition number: 2369284 Job category: Business & Data Analytics Optum is a global organization that delivers care, aided by technology to help millions of people live healthier lives. The work you do with our team will directly improve health outcomes by connecting people with the care, pharmacy benefits, data and resources they need to feel their best. Here, you will find a culture guided by inclusion, talented peers, comprehensive benefits and career development opportunities. Come make a…",2026-06-21T10:34:38Z,"PR, Advertising & Marketing Jobs",0
Data Analyst,Recro,"bangalore, karnataka",500000.0,1000000.0,750000.0,Job Description: Looking for someone with 2 years Strong experience over Python  SQL. Very proficient with the problem solving. Good Communication Skills. Skills:- Python,2023-08-29T13:12:02Z,IT Jobs,3
Data Analyst,Tribute Technology,"hussainialam, hyderabad",500000.0,1000000.0,750000.0,"ABOUT TRIBUTE TECHNOLOGY: At Tribute Technology, we make end-of-life celebrations memorable, meaningful, and effortless through thoughtful and innovative technology solutions. Our mission is to help communities around the world celebrate life and pay tribute to those we love. Our comprehensive platform brings together software and technology to provide a fully integrated experience for all users, whether that is a family, a funeral home, or an online publisher. We are the market leader in the U…",2026-06-27T07:29:56Z,IT Jobs,0
Data Analyst,Guidehouse India Pvt Ltd,"thiruvananthapuram, kerala",500000.0,1000000.0,750000.0,"Job Family : EBO Management Information System (India) Travel Required : None Clearance Required : None What You Will Do : Gather data from primary and secondary sources, ensuring the upkeep of databases and data systems. Detect, examine, and decode trends or patterns within intricate datasets. Cleanse data and scrutinize computer-generated reports and outputs to identify and rectify coding errors. Coordinate with management to align business and informational priorities. Identify opportunities…",2026-07-10T15:09:48Z,IT Jobs,0
Data Analyst,WPP Production Chennai,"chennai, tamil nadu",500000.0,1000000.0,750000.0,"About WPP Production We are WPP Production - the unified global production company that brings together all of WPP's content producers, studios and craft experts into one connected organisation. We combine world-class human craft with next generation technology to originate, design, and deliver multi-channel content systems at scale. Built for borderless collaboration and powered by deep craft expertise, we are the production engine designed for today's always on, AI driven marketing world. Abo…",2026-07-10T21:10:41Z,"PR, Advertising & Marketing Jobs",0
Data Analyst,Phenom People,"hyderabad, telangana",500000.0,1000000.0,750000.0,"Responsibilities: Use SQL to analyze, hypothesize, and solve complex business challenges while identifying and visualizing opportunities for growth. Work with Business Intelligence (BI) tools such as Looker and Superset to build dashboards and visual reports. Extract and report data using efficient database queries with a focus on cloud data platforms, pipeline automation, and scalable analytics solutions. Apply statistical modeling and prediction techniques to derive actionable insights that s…",2026-07-11T07:21:34Z,IT Jobs,2
Data Analyst,Acura Solution,"mumbai, maharashtra",500000.0,1000000.0,750000.0,"Job Description: 2-3 years of experience in Data Analysis, preferably in the aviation industry.  Proficient in data analysis tools such as SQL, Python, or SAS.  Experience with data visualization tools (Tableau, Power BI, etc.).  Strong analytical and problem-solving skills. Key Responsibilities 1 Gather, clean, and preprocess data from various sources at Agos Aviation, ensuring data accuracy, completeness, and integrity for analysis. 2 Apply statistical and analytical techniques to derive m…",2026-05-13T02:15:44Z,IT Jobs,6
Data Analyst,S&P Global,"ahmedabad, gujarat",500000.0,1000000.0,750000.0,"About The Role Grade Level (for internal use): 07 Role Scope The Data Research Associate is an individual contributor role that develops foundational proficiency in one or more workflows or datasets. The role supports end-to-end data lifecycle activities including sourcing, basic validation, enrichment, and delivery under guidance, adhering strictly to standard operating procedures (SOPs) and set guidelines, and escalating deviations for a defined dataset or workflow. The role emphasizes buildi…",2026-07-17T15:12:04Z,Accounting & Finance Jobs,0
Data Analyst,Hitachi,"chennai, tamil nadu",500000.0,1000000.0,750000.0,"Location: Chennai, Tamil Nadu, India Job ID: R0124762 Date Posted: 2026-07-16 Company Name: HITACHI ENERGY TECHNOLOGY SERVICES PRIVATE LIMITED Profession (Job Category): Data Analytics/Business Intelligence Job Schedule: Full time Remote: No Job Description: Supporting Transformers QO Management with the development and administration of the BU-QO’s Power BI reports and data management. • Extract, clean, and transform data from multiple sources and ensure accuracy and consistency. Development o…",2026-07-19T03:21:54Z,"Energy, Oil & Gas Jobs",1
Data Analyst,TMF,india,500000.0,1000000.0,750000.0,"General Information Job ID 35530 Location Bangalore, India, Belgrade, Serbia, Cape Town, South Africa, Gurgaon, India, Katowice, Poland, Mumbai, India, New Delhi, India, Noida, India, Pune, India, Sofia, Bulgaria Work Types Full Time Categories Internal Finance We never ask for payment as part of our selection process, and we always contact candidates via our corporate accounts and platforms. If you are approached for payment, this is likely to be fraudulent. Please check to see whether the rol…",2026-07-22T03:15:49Z,Accounting & Finance Jobs,0
Data Analyst,Hitachi,india,500000.0,1000000.0,750000.0,"Location: Maneja, Gujarat, India Job ID: R0123378 Date Posted: 2026-06-29 Company Name: HITACHI ENERGY TECHNOLOGY SERVICES PRIVATE LIMITED Profession (Job Category): Engineering & Science Job Schedule: Full time Remote: No Job Description: The opportunity The successful candidate will be part of an international Digital Engineering and Design team, supporting in create Business report using Power BI, SQL, SAP a t the Global Engineering Center in Vadodara, India, you’ll be part of a dynamic team…",2026-07-01T02:46:06Z,"Energy, Oil & Gas Jobs",2
Data Analyst,MM Staffing & Career Consultants,"mumbai, maharashtra",500000.0,1000000.0,750000.0,"Job Description: Key Responsibilities: -  Design, develop, and maintain daily/weekly/monthly MIS reports and dashboards using Excel and Tableau.  Automate reporting processes using advanced Excel functions (Power Query, Pivot Tables, Macros/VBA).  Create interactive Tableau dashboards to visualize KPIs and business metrics.     Collaborate with cross-functional teams to gather reporting requirements and deliver customized solutions. Ensure data accuracy, integrity, and consistency across…",2026-05-14T02:26:01Z,IT Jobs,3
Data Analyst,Not Specified,"mumbai, maharashtra",500000.0,1000000.0,750000.0,"Job description Conducting the Validation & Audit at MSO & local operators Digital Head-ends to ensure System has complying the TRAI Norms & also help to stop Revenue leakages. Technical support & activated on the trouble shooting at DTH, MSO local operator level to ensure for channels are running on the ground. Antipiracy activities TS recording on ground level and analyze",2024-05-10T07:38:59Z,IT Jobs,0
Data Analyst,Not Specified,"chennai, tamil nadu",500000.0,1000000.0,750000.0,"HiWelcome students, ladies, to allDo u have a free time? Do u want earnings? But u want to know genuine websites and jobs. I will guide u. Computer job nternational project u will get. If u want WhatsApp 2. Details r all in text file. U want to buy RS.150 only",2024-05-10T07:38:52Z,Trade & Construction Jobs,0
Data Analyst,Not Specified,"gurgaon, haryana",500000.0,1000000.0,750000.0,"Job brief We are looking for a passionate professional to turn data into information, information into insight and insight into business decisions. The responsibilities include monitoring full ETL lifecycle activities to include requirements analysis and design, developing analysis and reporting capabilities, continuously monitoring performance and quality control plans to identify improvements. The candidate should also be capable enough to handle adhoc data requirements into the required form…",2024-05-10T07:38:59Z,IT Jobs,1
Data Analyst,Not Specified,"bangalore, karnataka",500000.0,1000000.0,750000.0,"Its primary target is to create and maintain data pipelines. Strong analytics skills are needed to understand complex data sets . Experience in running database service on Cloud would be needed to run a secure data platform. The ideal candidate must have strong experience using a variety of data mining/data analysis methods, using a variety of data tools, building and implementing data models. They must have a proven ability to drive business results with their data-based insights. They must be…",2024-05-10T07:39:00Z,IT Jobs,0
Data Analyst,Not Specified,"navi mumbai, maharashtra",500000.0,1000000.0,750000.0,"Our Client have a wealth of experience in enterprise solution.They are recognized for their knowledge and experience on enterprise business systems.They are constantly finding innovative ways to blend people,process and technologies to deliver bottom-line benefits to their customers. Job Location :- Navi Mumbai Qualification :- BE/B TECH(IT/Computers) , MCA, MSE(IT/Computers) Experience :- 0 to 1 Year 1) Software programming experience. 2) Advanced with Python. 3) Strong knowledge of SQL Server…",2024-05-10T07:39:12Z,IT Jobs,2
Data Analyst,Not Specified,"hyderabad, telangana",500000.0,1000000.0,750000.0,"Data gathering/ Research Assist team leaders in gathering and verifying data through primary and secondary research methods using internal and external tools Organize, participate and document Project related interviews, focus group discussions etc. Connect with support teams (L&D, HR, Finance, Marketing teams etc.) to collate data and provide clients any required data, analyses, reports or recommendations. Verify accuracy of data and identify missing or conflicting data Share insights from fin…",2024-05-10T07:38:52Z,Trade & Construction Jobs,0
Data Analyst,Mancraft Consulting,"noida, ghaziabad",500000.0,1000000.0,750000.0,"Job Description: Primary Role Description: - The incumbent will be a part of the advanced descriptive and predictive analytics sub-function to work on analysis/reports/dashboards related to superior risk selection, risk assessment and risk management. To help data evidence-based decision-making for the business to enable better understanding and management of the health risks. The role requires a good understanding of Health Insurance domain in India and various drivers of profitability. Respon…",2026-05-13T02:09:30Z,Accounting & Finance Jobs,0
Data Analyst / Data Scientist,Weekday AI,india,500000.0,1000000.0,750000.0,"This role is for one of the Weekday's clients Salary range: Rs 300000 - Rs 1200000 (ie INR 3-12 LPA) Min Experience: 1 years Location: Remote (India) JobType: full-time We’re looking for a passionate and detail-oriented Data Analyst / Data Scientist to join our growing analytics team. This role is perfect for someone who thrives on solving complex problems using data, loves diving deep into datasets, and has a strong command of analytical tools and programming languages. As a Data Analyst / Dat…",2026-02-19T19:58:34Z,IT Jobs,0
Data Analyst/ Data Modeler,Capgemini,"hyderabad, telangana",500000.0,1000000.0,750000.0,"Job Description Capgemini is hiring for Data Analyst/ Data Modeler Location: Pan India Experience range: 13 years to 16 years We are looking for Data Analyst with 13 years of hands-on experience in collecting, analysing, and interpreting large datasets to support business decision-making. The Data Analyst plays a pivotal role in enabling data-driven decision-making by extracting insights from complex datasets. This role supports the development and deployment of AI/ML and Gen AI solutions by en…",2026-05-16T05:48:43Z,IT Jobs,0
HR Data Analyst,"Opalforce, Inc.","naduvathi, bangalore",500000.0,1000000.0,750000.0,"Job Title: HR Data Analyst Location: Bangalore High Level JD: Collect, compile, and analyze HR Data for trends with regard to recruitment practices, retention/turnover and apply this data to make recommendatios Excellent knowledge of Microsoft Office Suite, and Excel and the ability to createcharts,spreadsheets and presentations Compiling reports of data results and presenting these to senior managers. A minimum of 2 years experience in similar role. Ability to work with cross-functional teams …",2024-06-16T14:59:21Z,IT Jobs,1
Statistician/Data Analyst,Two95 International Inc.,india,500000.0,1000000.0,750000.0,"Location: Karnataka Experience: 5 Years Qualification: Bachelor’s / Master’s Degree in Statistics Job Summary: We are seeking an experienced Statistician / Data Analyst to support survey analysis, statistical modeling, and data-driven planning activities for Master Plan / Urban Development projects. The candidate should possess strong analytical skills and experience in handling large datasets, statistical tools, and reporting. Kannada language proficiency is mandatory. Key Responsibilities: Pe…",2026-05-13T12:52:17Z,IT Jobs,1
Data Analyst - Remote,YO AI Labs,"bangalore, karnataka",500000.0,1000000.0,750000.0,"Job Title: Data Analyst (Excel) Job Type: Contractor Location: Remote Job Summary: In this role, you'll apply your expertise to help train next-generation AI systems. Your work will shape how models learn, reason, and perform through high-quality, real-world input. No prior experience in AI is required — your domain knowledge is what matters. Key Responsibilities: Conduct in-depth data analysis using Microsoft Excel to extract actionable insights and support decision-making across teams. Collab…",2026-07-02T11:18:26Z,IT Jobs,1
Sr. Data Analyst,Weekday AI,india,500000.0,1000000.0,750000.0,"This role is for one of Weekday’s clients Min Experience: 3 years Location: Nagpur JobType: full-time We are seeking a Senior Data Analyst with strong SQL, Python, and business analytics skills to work across diverse business domains including supply chain, education, and energy management. This role demands a professional who can quickly grasp new business contexts, apply rigorous analytical thinking, and translate data insights into tangible financial and operational impact. Requirements Key …",2026-07-10T12:18:08Z,IT Jobs,2
Senior Data Analyst,Masai,"bangalore, karnataka",1500000.0,3000000.0,2250000.0,"We are looking for a Senior Data Analyst who can turn complex business data into clear insights, actionable recommendations, and measurable business impact. The role requires strong analytical thinking, hands-on experience with data tools, and the ability to partner closely with business, product, sales, operations, and leadership teams. The ideal candidate should be comfortable working with large datasets, building dashboards, identifying trends, solving ambiguous business problems, and influe…",2026-05-16T06:02:34Z,IT Jobs,0
Senior Data Analyst,Sia,"mumbai, maharashtra",500000.0,1000000.0,750000.0,"Job Description We are hiring a Power BI Developer to support our global internal teams (Finance, HR, Strategy, Corporate Functions) by maintaining, improving, and delivering high-impact business intelligence dashboards, datasets, and analytics solutions. This role is critical for strengthening our internal reporting systems and driving data-backed decision-making across the organization. Key Responsibilities Lead the design, implementation, and upkeep of ETL / data pipelines (from source files…",2026-07-24T01:04:13Z,IT Jobs,2
Data Analyst Intern,MTAB Technology Center P Ltd,"injambakkam, chennai",500000.0,1000000.0,750000.0,"This is a remote position. Attention: It's mandatory to Click Here and Apply Are you eager to kickstart your career in data analysis? Apply for the Abhyaz Internships at MTC! We are seeking analytical and dynamic individuals who are passionate about working with data and making informed decisions. If you have a keen eye for detail and enjoy working with complex datasets, then this internship is perfect for you. Core Functional Responsibilities: Understand the business scenario Work with heads o…",2026-07-24T22:45:30Z,IT Jobs,0
Data Analyst (OAC),Sopra Steria,"noida, ghaziabad",500000.0,1000000.0,750000.0,"Job Description 1.Proficient in Oracle Analytics Cloud (OAC) and other Data Visualization Tools like Power BI , Tableau 2.Skilled in modeling , maintaining semantic models in OAC and Optional (data model in Power BI) 3.Skilled in creating Workbooks/Data visualizations and BI Publisher reports. 4.Data Warehousing Concepts : Strong understanding of data warehousing architecture, design principles, and best practices. 5.Good knowledge of securing report objects and data in BI Applications. 6.Profi…",2026-07-01T00:11:19Z,IT Jobs,3
Senior Data Analyst,Aliqan Services,"bangalore, karnataka",500000.0,1000000.0,750000.0,"Job description Data analyst, data brick, Azure, Python, Spark, Pyspark, Data factory Role: Data Analyst Industry Type: IT Services & Consulting Department: Data Science & Analytics Employment Type: Full Time, Permanent Role Category: Business Intelligence & Analytics Education UG: B.Tech/B.E. in Any Specialization Skills: Spark, Pyspark, Data Factory, Azure, Data Analyst, Python Experience: 9.00-14.00 Years",2026-07-10T07:19:30Z,IT Jobs,3
Healthcare Data Analyst,SHM ENTERPRISES,india,500000.0,1000000.0,750000.0,We are looking for highly analytical candidates who are as skilled in healthcare administration as they are in business management Healthcare data analysts are quantitative specialists who understand the business needs of a hospital and how to use data to achieve those needs Their duties include organizing and managing large and varied data sets analyzing healthcare data to optimize business operations and communicating their findings through the use of data visualization and detailed reports T…,2026-05-21T06:04:54Z,IT Jobs,1
Data Analyst Trainee,Lead India,"bangalore, karnataka",500000.0,1000000.0,750000.0,"Job Description: Data Analyst Lead India is looking for dynamic data analysts who has passion for data and a relentless focus on execution and delivery. The candidate is expected to come up with insightful data presentation to make informed decisions. As a data analyst your roles and responsibilities will be as follows: Experience: 0-1 years Technical Skills: Strong Work experience on Azure (App Insights, Stream analytics, Data Factory, Data warehouse, Azure Storage accounts, Blobs) Strong anal…",2026-06-13T02:35:26Z,IT Jobs,1
Data Analyst Intern,Optimspace,"pune, maharashtra",500000.0,1000000.0,750000.0,"Job Title: Data Analyst Intern Company: Optimspace.in Location: Remote Duration: 3 months Opportunity: Full-time based on performance, with a Certificate of Internship Optimspace.in Optimspace.in offers practical experience for students and graduates in data analysis to enhance career prospects and provide hands-on learning opportunities in a real-world environment. Responsibilities Collect, clean, and analyze datasets. Develop reports and data visualizations. Identify trends and patterns in da…",2025-11-20T00:58:19Z,IT Jobs,1
Sr.Data Analyst,HCL Technologies Limited,"hyderabad, telangana",500000.0,1000000.0,750000.0,"HCLTech is hiring for Sr.Data analyst Please Note: Immediate joiners only Location: Hitechcity, Hyderabad Mode: Work from office Shifts: Night Shifts Cab Facility: Yes (chargeable) Over 4 yrs of customer service experience, including managing multiple phone lines and handling ticket-related communications in a Command Center environment. Strong computer proficiency, including Data Entry and advanced use of MS Office Suite (Word, Excel, Outlook). Expertise in data visualization and analytics, wi…",2026-07-16T07:24:00Z,IT Jobs,3
Hiring- Data Analyst,intouchcx,"hyderabad, telangana",500000.0,1000000.0,750000.0,"About the Job Join us in transforming the perception of customer service! We are seeking a dedicated Data Analyst to analyze and report on operational data, enhancing program performance visibility. This role is vital in contributing to various projects and performing ad-hoc analyses, providing timely insights that support strategic decision-making. If you are passionate about data and eager to make a significant impact, we invite you to apply! As Data Analyst, You Will Collect and organize lar…",2026-06-13T08:46:37Z,IT Jobs,0
Sr. Data Analyst,Multi Recruit,"bangalore, karnataka",600000.0,1500000.0,1050000.0,"Managing and designing the reporting environment, including data sources, security, and metadata. Preparing reports for executive leadership that effectively communicate trends, patterns, and predictions using relevant data Establish KPIs to measure the effectiveness of business decisions. Work with management to prioritize business and information needs. Provide data solutions, tools, and capabilities to enable self-service frameworks for data consumers Provide expertise and translate the busi…",2022-01-30T04:34:29Z,IT Jobs,0
Sr Data Analyst,Jobizo,india,700000.0,1000000.0,850000.0,"About the Role: We are looking for a skilled and detail-oriented Data Analyst to join our team. The ideal candidate will be responsible for collecting, analyzing, and interpreting large datasets to support data-driven decision-making across the organization. Proficiency in MongoDB and SQL is essential for this role. Key Responsibilities: Collect, process, and clean structured and unstructured data from various sources. Analyze data using SQL queries and MongoDB aggregations to extract insights.…",2025-06-19T05:22:26Z,IT Jobs,1
Senior Data Analyst,Capco,india,500000.0,1000000.0,750000.0,"Job Title: Data Analyst (Python Pyspark) About Us “Capco, a Wipro company, is a global technology and management consulting firm. Awarded with Consultancy of the year in the British Bank Award and has been ranked Top 100 Best Companies for Women in India 2022 by Avtar & Seramount . With our presence across 32 cities across globe, we support 100 clients across banking, financial and Energy sectors. We are recognized for our deep transformation execution and delivery. WHY JOIN CAPCO? You will wor…",2026-03-07T01:43:34Z,IT Jobs,2
Senior Data Analyst,Capco,"bangalore, karnataka",500000.0,1000000.0,750000.0,"Job Title: Data Analyst (Python Pyspark) About Us 'Capco, a Wipro company, is a global technology and management consulting firm Awarded with Consultancy of the year in the British Bank Award and has been ranked Top 100 Best Companies for Women in India 2022 by Avtar & Seramount With our presence across 32 cities across globe, we support 100 clients across banking, financial and Energy sectors We are recognized for our deep transformation execution and delivery WHY JOIN CAPCO You will work on e…",2026-06-09T06:50:37Z,IT Jobs,2
Senior Data Analyst,r3 Consultant,"pune, maharashtra",500000.0,1000000.0,750000.0,"Description R3 Consultant is looking for a Senior Data Analyst to join our team in Pune. This full-time, on-site position offers an exciting opportunity to delve into data analytics within the staffing and recruiting industry, where your insights will drive strategic decision-making. As a Senior Data Analyst, you will play a pivotal role in analyzing complex datasets to identify trends, patterns, and insights that will enhance our recruitment strategies and improve client outcomes. You will col…",2025-12-16T02:52:13Z,IT Jobs,0
Senior Data Analyst,NeoGenCode Technologies Pvt Ltd,"bangalore, karnataka",1000000.0,1800000.0,1400000.0,"Position : Senior Data Analyst Experience Required : 5 to 8 Years Location : Hyderabad or Bangalore (Work Mode: Hybrid – 3 Days WFO) Shift Timing : 11:00 AM – 8:00 PM IST Notice Period : Immediate Joiners Only Job Summary : We are seeking a highly analytical and experienced Senior Data Analyst to lead complex data-driven initiatives that influence key business decisions. The ideal candidate will have a strong foundation in data analytics, cloud platforms, and BI tools, along with the ability to…",2025-06-18T05:21:07Z,IT Jobs,0
Junior Data Analyst,Jobgenix,"bangalore, karnataka",500000.0,1000000.0,750000.0,"Just Now Junior Data Analyst Cognizant bangalore Ai Recommended 0% Match Score About The Job Cognizant is hiring for the role of Junior Data Analyst ! Role Responsibilities Obtain consumer / provider information by listening to telephone calls/ text & messages Determine eligibility by comparing consumer / provider information to requirements Based on the pre-recorded calls, Identify Scam/Phishing and customers sensitive information Meet the required target and quality metrics Work effectively w…",2026-07-20T16:01:25Z,IT Jobs,0
GCP Data Analyst,Virtusa,india,500000.0,1000000.0,750000.0,Data Analyst HYD/CHN/PUNE/BLR Mohan • Support data readiness & analytics • Act as SME for reporting & insights • Collaborate with business users • Ensure data accuracy post-migration • Support analytics modernization • Enable data-driven decisions • Maintain reporting continuity • Source data analysis • Data quality & profiling • Reporting requirement assessment • Data transformation needs • Security & access review • Data volume analysis • Migration readiness reporting,2026-06-18T03:29:19Z,IT Jobs,0
"Data Analyst, Senior",Infor,"pune, maharashtra",500000.0,1000000.0,750000.0,"At Infor, we embrace Principle Based Management (PBM), a philosophy that empowers employees to leverage their unique strengths and interests to make the greatest contribution. We believe in individualizing roles and responsibilities to match our team members aptitudes and passions. We are looking for an analytical and enthusiastic Senior Data Analyst with a focus on delivering data-driven insights and reporting excellence. This person will play a key role in ensuring the accuracy, performance, …",2026-05-28T06:53:10Z,IT Jobs,1
Senior Data Analyst,NNE,india,500000.0,1000000.0,750000.0,"Senior Data Analyst at Novo Nordisk Engineering Make your ability count at NNE We are experts in end-to-end pharma engineering, and our success is built on our relationships, both with our colleagues and our customers. If you want to work on projects shaping the future of sustainable and intelligent pharma facilities, NNE is the place to be. Why you should join us! Imagine using your Data Analyst Specialization to help build the world's largest pharmaceutical facilities – all happening in Denma…",2026-07-25T03:21:38Z,Engineering Jobs,0
Advanced Data Analyst,Honeywell,india,500000.0,1000000.0,750000.0,"Description Job Title: Advanced Data Analyst Role Purpose: The Advanced Data Analyst is responsible for delivering high-quality analytics solutions that enable data-driven decision-making across the organization. This role combines technical expertise, business understanding, and stakeholder collaboration to design, develop, and support dashboards, reports, and data models. The role acts as a trusted analytics partner, ensuring solutions are aligned with business objectives, governed by strong …",2026-07-02T02:48:46Z,IT Jobs,0
MIS & Data Analyst,ACE Money Transfer,india,500000.0,1000000.0,750000.0,"Who we are ACE Money Transfer is a UK-based multinational company headquartered in Manchester, United Kingdom. We provide secure online remittance services to customers in 29 countries across the UK, Europe, Canada, and Australia, enabling cross-border money transfers to 100 countries worldwide. About the Role We are looking for an MIS & Data Analyst to join our growing fintech team specializing in international remittances and cross-border payments. The MIS & Data Analyst will play a key role …",2026-07-09T03:30:19Z,IT Jobs,0
Lead Data Analyst,Ipsos,"bangalore, karnataka",500000.0,1000000.0,750000.0,"Description Analytics Team Lead Location: Bangalore Division: Ipsos Healthcare Ipsos is one of the world's largest research companies and currently the only one primarily managed by researchers, ranking as a 1 full-service research organization for four consecutive years. With over 75 different data-driven solutions, and presence in 90 markets, Ipsos brings together research, implementation, methodological, and subject-matter experts from around the world, combining thematic and technical exper…",2024-07-31T03:21:15Z,IT Jobs,0
Intern - Data Analyst,GE HealthCare,"bangalore, karnataka",500000.0,1000000.0,750000.0,"Job Description Summary As a data analyst intern, you will be an integral part of an organisation’s data team, responsible for analysing and interpreting various datasets to derive meaningful insights and support data-driven decision-making. The role provides a valuable opportunity to gain hands-on experience in data analysis, visualisation, and reporting, contributing to the success of the team. Job Description Role & Responsibilities: Build and optimize data models for analytics and reporting…",2026-07-14T21:14:56Z,IT Jobs,0
Senior Data Analyst,PVH,india,500000.0,1000000.0,750000.0,"Design Your Future at PVH Senior Data Analyst POSITION TITLE: Senior Data Analyst (Business Analytics) – PVH Supply Data & Analytics DEPT. /DIVISION: Corporate Supply Data & Analytics POSITION REPORTS TO: Senior Manager, Data & Analytics LOCATION: Bangalore, India POSITION SUMMARY: The Supply Chain Data & Analytics (SDA) team sits within the corporate Supply Chain function at PVH and is passionate about powering a world-class, data-driven Supply Chain by delivering exceptional data & analytics,…",2024-08-19T03:31:25Z,IT Jobs,0
Data Analyst (SQL),Merito,"mumbai, maharashtra",600000.0,800000.0,700000.0,"About us :- Merito is a curated talent platform where we identify, assess, and connect candidates for matching job opportunities. We are working with the mission to change the way hiring is done. The company is founded by a team of alumni from IIM Ahmedabad, McKinsey with more than 2 decades of experience in recruitment, training, and coaching. About our Client :- Our client is an InsureTech platform backed by a major retail giant that offers contextual insurance in a blink. We are a team of co…",2023-10-22T13:49:04Z,IT Jobs,0
Advanced Data Analyst,Honeywell,"bangalore, karnataka",500000.0,1000000.0,750000.0,"Job Title: Advanced Data Analyst Role Purpose: The Advanced Data Analyst is responsible for delivering high-quality analytics solutions that enable data-driven decision-making across the organization. This role combines technical expertise, business understanding, and stakeholder collaboration to design, develop, and support dashboards, reports, and data models. The role acts as a trusted analytics partner, ensuring solutions are aligned with business objectives, governed by strong data quality…",2026-07-02T10:31:44Z,IT Jobs,0
Data Analyst (MDM),Arrow,india,500000.0,1000000.0,750000.0,"Position: Data Analyst (MDM) Job Description: The Data Analyst is responsible for supporting and delivering value to the business through Data & Analytics initiatives. This position will work closely with subject matter experts, data stewards, and analytics teams to understand challenges and opportunities in core business data. It will support accuracy and consistency of data through analysis and maintenance activities. What You’ll Be Doing Work with key stakeholders to document and understand …",2026-07-17T03:19:40Z,IT Jobs,0
Lead Data Analyst,EXL,"pune, maharashtra",500000.0,1000000.0,750000.0,"Description Must-Have: 7 years of professional experience as a Lead Data Analyst with good decision-making, analytical and problem-solving skills. SQL, Pyspark, Python with ESG / Banking Domain experience. Hands-on experience in HQL or SQL (Spark SQL) for Data exploration. Documentation - Data Mapping, Subsystem Design, Technical Design, Business Requirements. Exposure to Logical to Physical Mapping, Data Processing Flow to measure the consistency, etc. Understanding of ER Diagram and Data Mode…",2026-07-25T03:20:59Z,IT Jobs,3
Advanced Data Analyst,NNE,india,500000.0,1000000.0,750000.0,"Advanced Data Analyst at Novo Nordisk Engineering Make your ability count at NNE We are experts in end-to-end pharma engineering, and our success is built on our relationships, both with our colleagues and our customers. If you want to work on projects shaping the future of sustainable and intelligent pharma facilities, NNE is the place to be. Why you should join us! Imagine using your Data Analyst Specialization to help build the world's largest pharmaceutical facilities – all happening in Den…",2026-07-25T03:23:15Z,Engineering Jobs,0
Principal Data Analyst,Albertsons Companies India,"bangalore, karnataka",500000.0,1000000.0,750000.0,"About Albertsons Companies Inc. (ACI): As a leading food and drug retailer in the United States, Albertsons Companies, Inc. operates over 2,200 stores across 35 states and the District of Columbia. Our well-known banners across the United States, including Albertsons, Safeway, Vons, Jewel-Osco and others, serve more than 36 million U.S customers each week. We build and shape technology solutions that solve customers problems every day, making things easier for them when they shop with us online…",2026-05-05T10:08:47Z,IT Jobs,0
Senior Data Analyst,EXL,"bangalore, karnataka",500000.0,1000000.0,750000.0,"Description Title : Senior Data Analyst Location : Bangalore Write and optimize complex SQL queries for data extraction, transformation, and analysis Design and develop interactive dashboards and reports using Power BI / Tableau Perform data analysis to identify trends, patterns, and actionable insights Work with stakeholders to gather requirements and translate them into analytical solutions Ensure data accuracy, consistency, and performance optimization Automate reporting processes and improv…",2026-06-11T02:35:35Z,IT Jobs,3
Lead Data Analyst,Infogain Corporation,india,500000.0,1000000.0,750000.0,As a Data Analyst at our organization your role will involve supporting datadriven decisionmaking by leveraging your highly analytical and detailoriented skills You will be expected to demonstrate strong technical expertise a structured approach to problemsolving and effective collaboration with crossfunctional teams Key Responsibilities Strong analytical ability and intellectual curiosity Effective interpersonal and collaboration skills across diverse stakeholder groups Proven capability to si…,2026-05-19T06:03:15Z,IT Jobs,0
Senior Data Analyst,BP,india,500000.0,1000000.0,750000.0,"Entity: Technology Job Family Group: IT&S Group Job Description: Senior Data Analyst - (Individual Contributor, Grade H) As a Senior Data Analyst at BP Business Solutions India Private Limited, you will play a pivotal role in redefining complex data into actionable insights, driving strategic business decisions, and contributing to the development of robust data solutions. You will lead data analysis efforts, collaborate with various teams, and champion data-driven approaches across the organiz…",2026-07-24T03:34:35Z,"Energy, Oil & Gas Jobs",0
Sr. Data Analyst,OnActive,india,2000000.0,2500000.0,2250000.0,"Senior Data Analyst Experience: 8 Years Work Mode: Remote Full Time Responsibilities: • Analyze large datasets to uncover trends, patterns, and insights to support business goals. • Design, develop, and manage interactive dashboards and reports using Power BI. • Utilize DAX and SQL for advanced data querying and data modeling. • Create and manage complex SQL queries for data extraction, transformation, and loading processes. • Collaborate with cross-functional teams to understand data requireme…",2024-11-06T12:42:06Z,IT Jobs,2
Data Analyst_Hyderabad,Arise Global Services,"hyderabad, telangana",500000.0,1000000.0,750000.0,"Job Summary: We are seeking a hands-on Data Analyst to deliver actionable insights by combining big data, marketing analytics, and database technology. The ideal candidate is passionate about data, skilled in data transformation and profiling, and can effectively communicate findings to cross-functional teams. Roles & Responsibilities: Data Analysis & Insights: Analyze datasets and identify patterns to generate actionable insights. Build narratives around data findings and explain results in si…",2026-07-02T07:18:30Z,IT Jobs,0
Data Analyst - Surat,Mspire Ventures,"vadodara, gujarat",500000.0,1000000.0,750000.0,"Job Description: Job Title: Data Analyst Location: Surat Salary: upto 25k CTC Key Responsibilities:  Collect, validate, and follow up on data related to client-side and operations activities.  Review and verify client invoices to ensure accuracy and completeness.  Prepare and maintain riders’ payout and summary reports on a regular basis.  Present accurate data insights and reports to management as required.  Collaborate with cross-functional teams to ensure data accuracy and timely submis…",2026-05-13T02:19:05Z,IT Jobs,0
Staff data analyst,A3R0-GTCI,india,500000.0,1000000.0,750000.0,"The opportunity As a Staff Data Analyst, you will support multiple business and engineering teams by delivering advanced data analyses, reporting, and data visualization solutions. You will work closely with stakeholders to understand business questions, translate requirements into analytical approaches, and communicate insights in a clear and structured way. The role combines hands‑on analysis with the opportunity to contribute to reusable tools, dashboards, and data preparation processes that…",2026-06-15T02:28:11Z,IT Jobs,1
